{"stats":{"minecraft:mined":{"create:deepslate_zinc_ore":39,"minecraft:spruce_planks":1,"minecraft:white_bed":4,"minecraft:oak_sapling":39,"minecraft:farmland":27,"minecraft:brewing_stand":1,"minecraft:spruce_trapdoor":3,"minecraft:acacia_log":4,"minecraft:grass_block":1987,"minecraft:tall_seagrass":45,"minecraft:magma_block":851,"minecraft:glowstone":1,"ironfurnaces:gold_furnace":2,"minecraft:fire":8,"minecraft:iron_ore":50,"minecraft:cobbled_deepslate":22,"minecraft:pumpkin":9,"minecraft:fletching_table":2,"minecraft:deepslate_lapis_ore":10,"minecraft:azure_bluet":3,"minecraft:pointed_dripstone":3,"iceandfire:gold_pile":26,"minecraft:water_cauldron":1,"minecraft:oak_stairs":23,"corn_delight:corn_crop":87,"minecraft:deepslate_redstone_ore":129,"minecraft:blackstone":294,"minecraft:torch":25,"minecraft:chest":4,"iceandfire:fire_lily":9,"minecraft:cobblestone":29,"spelunkers_charm:deepslate_geyser":6,"minecraft:sugar_cane":18,"minecraft:grindstone":2,"minecraft:wall_torch":23,"minecraft:seagrass":14,"spelunkers_charm:rock_pile_3":1,"minecraft:acacia_sapling":1,"minecraft:birch_log":7,"minecraft:wheat":34,"paraglider:kakariko_goddess_statue":7,"minecraft:grass":763,"minecraft:oak_log":11,"delightful:mini_melon":10,"minecraft:dirt":1108,"minecraft:smooth_basalt":5,"minecraft:oak_leaves":39,"minecraft:deepslate":1041,"iceandfire:lightning_lily":8,"minecraft:tuff":96,"minecraft:mossy_cobblestone":1,"minecraft:deepslate_diamond_ore":49,"farmersdelight:wild_carrots":1,"minecraft:jack_o_lantern":2,"gravestone:gravestone":8,"minecraft:allium":1,"minecraft:moss_block":15,"minecraft:large_fern":4,"minecraft:redstone_ore":6,"minecraft:spruce_sapling":4,"minecraft:furnace":6,"minecraft:carrots":207,"minecraft:andesite":1,"minecraft:deepslate_iron_ore":80,"minecraft:lantern":5,"minecraft:stone":1153,"minecraft:white_wool":2,"minecraft:dandelion":7,"minecraft:spruce_door":2,"minecraft:crafting_table":12,"spelunkers_charm:dead_grass":3,"minecraft:campfire":2,"minecraft:copper_ore":10,"minecraft:tall_grass":244,"minecraft:lapis_ore":8,"minecraft:deepslate_gold_ore":29,"minecraft:blue_bed":1,"minecraft:coarse_dirt":44,"minecraft:birch_leaves":1,"minecraft:coal_ore":555,"minecraft:gravel":8,"minecraft:dripstone_block":1,"minecraft:acacia_planks":47,"minecraft:stone_bricks":1,"minecraft:mossy_stone_bricks":1,"minecraft:gold_ore":7},"minecraft:killed":{"aquaculture:gar":2,"minecraft:shulker":2,"minecraft:skeleton":9,"alexsmobs:orca":1,"minecraft:chicken":3,"minecraft:skeleton_horse":3,"aquaculture:carp":1,"minecraft:pig":16,"minecraft:sheep":29,"minecraft:pillager":23,"minecraft:zombie":16,"alexsmobs:fly":2,"minecraft:cow":17,"minecraft:vindicator":4,"alexsmobs:seagull":2,"minecraft:phantom":3,"minecraft:ravager":2,"alexsmobs:crocodile":1,"aquaculture:synodontis":1},"minecraft:killed_by":{"iceandfire:stymphalian_bird":2,"minecraft:vindicator":2,"iceandfire:fire_dragon":7,"alexsmobs:alligator_snapping_turtle":1,"alexsmobs:bison":1,"alexsmobs:gelada_monkey":1,"minecraft:shulker":1},"minecraft:custom":{"lootr:looted_stat":2,"minecraft:animals_bred":9,"minecraft:interact_with_crafting_table":97,"minecraft:open_barrel":4,"minecraft:bell_ring":2,"minecraft:leave_game":82,"minecraft:time_since_death":6066,"minecraft:sprint_one_cm":1376903,"minecraft:damage_blocked_by_shield":2056,"minecraft:drop":146,"minecraft:talked_to_villager":8,"minecraft:play_time":1127310,"minecraft:deaths":19,"minecraft:jump":10666,"minecraft:walk_on_water_one_cm":194610,"minecraft:interact_with_furnace":106,"minecraft:traded_with_villager":28,"minecraft:interact_with_loom":1,"minecraft:sleep_in_bed":20,"minecraft:waystone_activated":6,"minecraft:damage_dealt":23464,"minecraft:crouch_one_cm":20573,"minecraft:horse_one_cm":17714,"minecraft:mob_kills":138,"minecraft:climb_one_cm":1510,"minecraft:walk_one_cm":3336120,"minecraft:raid_win":2,"minecraft:sneak_time":9355,"minecraft:walk_under_water_one_cm":64269,"minecraft:total_world_time":1127310,"minecraft:raid_trigger":1,"minecraft:interact_with_grindstone":24,"minecraft:time_since_rest":7242,"minecraft:damage_taken":8752,"minecraft:swim_one_cm":178631,"minecraft:fly_one_cm":2508244,"minecraft:open_chest":239,"minecraft:fall_one_cm":190419},"minecraft:dropped":{"minecraft:brown_mushroom":2,"minecraft:oak_log":694,"minecraft:crossbow":2,"minecraft:glow_berries":30,"minecraft:lantern":1,"aquaculture:minnow":2,"minecraft:fletching_table":1,"minecraft:rail":7,"farmersdelight:rice":3,"minecraft:red_mushroom":2,"minecraft:dirt":68,"mowziesmobs:umvuthana_mask_bliss":1,"minecraft:cornflower":1,"gravestone:obituary":17,"minecraft:gold_nugget":13,"minecraft:phantom_membrane":1,"minecraft:iron_pickaxe":2,"minecraft:white_wool":7,"minecraft:bone":1,"minecraft:blackstone":27,"minecraft:cobbled_deepslate":40,"aquaculture:perch":1,"minecraft:pig_spawn_egg":1,"minecraft:birch_sapling":1,"minecraft:pointed_dripstone":1,"minecraft:oak_planks":1,"minecraft:glowstone_dust":2,"minecraft:azure_bluet":5,"minecraft:carrot":14,"minecraft:poppy":2,"aquaculture:bluegill":1,"spelunkers_charm:rock":3,"minecraft:acacia_sapling":1,"minecraft:stone_hoe":1,"minecraft:wheat_seeds":19,"minecraft:mossy_cobblestone":1,"minecraft:dripstone_block":1,"minecraft:iron_helmet":1,"minecraft:cobblestone":30,"minecraft:book":2,"delightful:green_tea_leaf":2,"minecraft:oxeye_daisy":2,"minecraft:diamond_helmet":1,"delightful:acorn":10,"minecraft:oak_stairs":1,"minecraft:flowering_azalea":1,"minecraft:paper":4,"minecraft:acacia_planks":38,"minecraft:bucket":2,"minecraft:smooth_basalt":3,"minecraft:dandelion":16,"alexsmobs:crocodile_scute":2,"minecraft:coarse_dirt":31,"minecraft:stone_sword":1,"minecraft:raw_copper":1,"minecraft:bowl":2,"minecraft:tuff":5,"farmersdelight:cabbage_seeds":6,"minecraft:chicken":1,"minecraft:iron_hoe":1,"minecraft:andesite":1,"minecraft:stone_bricks":1,"minecraft:stone_pickaxe":3,"minecraft:wooden_pickaxe":1,"minecraft:magma_block":74,"minecraft:black_wool":1},"minecraft:used":{"minecraft:moss_carpet":1,"minecraft:jack_o_lantern":1,"minecraft:iron_shovel":1417,"minecraft:chest":22,"minecraft:shield":324,"minecraft:stone":59,"minecraft:iron_sword":337,"mowziesmobs:umvuthana_mask_bliss":1,"minecraft:mutton":1,"minecraft:carrot":268,"minecraft:allium":1,"aquaculture:synodontis":1,"minecraft:acacia_sapling":6,"minecraft:tuff":14,"minecraft:lantern":6,"minecraft:blue_orchid":3,"minecraft:stone_bricks":1,"simplyswords:iron_scythe":69,"minecraft:bow":13,"minecraft:oak_sapling":172,"minecraft:furnace":7,"minecraft:egg":43,"minecraft:mossy_stone_bricks":1,"minecraft:spruce_door":2,"minecraft:stone_pickaxe":172,"minecraft:blackstone":267,"minecraft:wooden_pickaxe":15,"minecraft:diamond_axe":1,"minecraft:sugar_cane":16,"minecraft:white_wool":6,"minecraft:sand":1,"simplyswords:iron_chakram":3,"farmersdelight:pasta_with_mutton_chop":1,"minecraft:crossbow":17,"waystones:waystone":1,"minecraft:bread":20,"paraglider:kakariko_goddess_statue":7,"minecraft:deepslate":2,"aquaculture:gar":2,"minecraft:wooden_sword":18,"minecraft:grindstone":2,"minecraft:coarse_dirt":16,"minecraft:bone_meal":81,"ironfurnaces:gold_furnace":2,"minecraft:stone_sword":131,"minecraft:stone_shovel":267,"simplyswords:iron_warglaive":8,"minecraft:spruce_planks":1,"minecraft:stone_hoe":119,"minecraft:torch":407,"minecraft:dirt":2751,"minecraft:chainmail_chestplate":1,"minecraft:golden_shovel":136,"minecraft:iron_hoe":68,"minecraft:wooden_axe":9,"minecraft:iron_axe":280,"minecraft:oak_stairs":330,"minecraft:iron_boots":2,"minecraft:diamond_chestplate":1,"farmersdelight:tomato_seeds":10,"minecraft:cooked_beef":20,"minecraft:acacia_planks":172,"minecraft:cobbled_deepslate":378,"minecraft:iron_leggings":1,"minecraft:pointed_dripstone":3,"minecraft:wheat_seeds":158,"minecraft:cooked_mutton":29,"minecraft:water_bucket":278,"minecraft:fletching_table":1,"minecraft:crafting_table":13,"minecraft:white_bed":5,"delightful:mini_melon":10,"corn_delight:corn_seeds":146,"minecraft:cornflower":4,"minecraft:diamond_pickaxe":1422,"minecraft:diamond_shovel":1322,"aquaculture:carp":1,"minecraft:iron_pickaxe":2927,"minecraft:spruce_trapdoor":1,"minecraft:spruce_sapling":6,"minecraft:stone_axe":462,"minecraft:cobblestone":522,"minecraft:white_banner":4,"minecraft:cooked_porkchop":18,"minecraft:bucket":281,"minecraft:dandelion":4,"minecraft:diamond_leggings":1},"minecraft:broken":{"minecraft:iron_shovel":5,"minecraft:iron_boots":1,"minecraft:golden_shovel":4,"minecraft:stone_axe":2,"minecraft:wooden_axe":1,"minecraft:stone_shovel":2,"minecraft:stone_sword":1,"minecraft:iron_axe":2,"minecraft:iron_pickaxe":10},"minecraft:crafted":{"minecraft:oak_planks":408,"minecraft:stone":59,"minecraft:diamond_shovel":1,"minecraft:cooked_mutton":44,"minecraft:diamond_helmet":1,"minecraft:diamond_leggings":1,"minecraft:iron_boots":1,"minecraft:chest":19,"minecraft:oak_button":2,"minecraft:stone_hoe":1,"sophisticatedbackpacks:backpack":1,"minecraft:arrow":192,"minecraft:emerald":16,"minecraft:cooked_porkchop":16,"minecraft:diamond_axe":1,"minecraft:crafting_table":2,"minecraft:wooden_pickaxe":1,"minecraft:copper_ingot":0,"simplyswords:iron_scythe":1,"minecraft:charcoal":2,"minecraft:diamond_pickaxe":2,"minecraft:shield":1,"minecraft:stick":52,"minecraft:iron_ingot":88,"minecraft:iron_pickaxe":12,"minecraft:stone_sword":1,"minecraft:gold_ingot":42,"minecraft:shears":1,"minecraft:wooden_sword":1,"minecraft:stone_shovel":2,"minecraft:iron_nugget":9,"minecraft:furnace":2,"simplyswords:iron_warglaive":1,"minecraft:iron_axe":4,"minecraft:iron_hoe":2,"minecraft:stone_pickaxe":1,"sophisticatedbackpacks:iron_backpack":1,"minecraft:cooked_beef":13,"simplyswords:iron_chakram":1,"minecraft:iron_sword":1,"minecraft:golden_shovel":4,"sophisticatedbackpacks:gold_backpack":1,"minecraft:bucket":7,"minecraft:stone_axe":4,"minecraft:bread":4,"minecraft:air":0,"minecraft:oak_boat":1,"minecraft:wooden_axe":2,"minecraft:oak_stairs":308,"minecraft:iron_shovel":5,"minecraft:white_bed":2,"minecraft:diamond_chestplate":1},"minecraft:picked_up":{"minecraft:iron_chestplate":1,"minecraft:wheat":16,"aquaculture:synodontis":1,"minecraft:oak_stairs":23,"minecraft:enchanted_book":6,"minecraft:brewing_stand":1,"minecraft:raw_copper":35,"minecraft:iron_leggings":1,"minecraft:gold_nugget":262,"minecraft:cobbled_deepslate":1049,"minecraft:spruce_planks":1,"delightful:acorn":59,"minecraft:enchanted_golden_apple":1,"delightful:green_tea_leaf":23,"farmersdelight:cabbage_seeds":6,"minecraft:iron_boots":1,"minecraft:furnace":6,"minecraft:stick":180,"minecraft:torch":83,"minecraft:acacia_log":45,"paraglider:kakariko_goddess_statue":7,"minecraft:porkchop":35,"iceandfire:rotten_egg":2,"minecraft:pointed_dripstone":4,"minecraft:cauldron":1,"iceandfire:lightning_lily":15,"minecraft:stone_sword":1,"minecraft:rotten_flesh":17,"minecraft:cow_spawn_egg":1,"minecraft:cobblestone":1176,"minecraft:birch_log":7,"minecraft:magma_block":815,"minecraft:feather":7,"farmersdelight:rice":3,"corn_delight:corn":47,"minecraft:andesite":1,"minecraft:tuff":96,"create:raw_zinc":68,"minecraft:lapis_lazuli":114,"minecraft:dirt":3167,"minecraft:lantern":7,"minecraft:bone":11,"minecraft:acacia_planks":66,"minecraft:bow":3,"delightful:mini_melon":10,"minecraft:wheat_seeds":319,"minecraft:raw_gold":44,"minecraft:grindstone":2,"minecraft:mossy_stone_bricks":1,"minecraft:fletching_table":2,"minecraft:diamond_helmet":1,"minecraft:glowstone_dust":4,"minecraft:stone_hoe":1,"minecraft:oak_planks":4,"minecraft:vindicator_spawn_egg":2,"aquaculture:gar":2,"minecraft:pig_spawn_egg":1,"minecraft:sand":1,"minecraft:mossy_cobblestone":1,"minecraft:diamond":49,"minecraft:deepslate":2,"waystones:waystone":2,"minecraft:crossbow":3,"minecraft:bone_meal":1,"minecraft:bread":3,"minecraft:emerald":15,"minecraft:jack_o_lantern":2,"minecraft:oak_sapling":284,"minecraft:charcoal":8,"minecraft:coarse_dirt":52,"minecraft:crafting_table":12,"minecraft:allium":1,"minecraft:azure_bluet":6,"minecraft:chicken":6,"iceandfire:fire_lily":15,"minecraft:brown_mushroom":2,"gravestone:obituary":2,"minecraft:shield":1,"minecraft:cornflower":5,"minecraft:moss_carpet":1,"minecraft:iron_axe":1,"minecraft:blackstone":295,"minecraft:blue_orchid":5,"aquaculture:bluegill":2,"minecraft:beef":32,"minecraft:poppy":2,"minecraft:sugar_cane":42,"minecraft:chest":4,"minecraft:birch_sapling":2,"minecraft:spruce_trapdoor":3,"minecraft:phantom_membrane":1,"minecraft:egg":52,"minecraft:raw_iron":130,"iceandfire:dragonbone":34,"minecraft:bowl":1,"aquaculture:perch":1,"farmersdelight:tomato_seeds":10,"minecraft:carrot":697,"minecraft:redstone":1109,"alexsmobs:crocodile_scute":2,"corn_delight:corn_seeds":218,"minecraft:arrow":21,"ironfurnaces:gold_furnace":2,"mowziesmobs:umvuthana_mask_bliss":1,"aquaculture:carp":1,"minecraft:saddle":2,"minecraft:gold_ingot":19,"minecraft:glow_berries":5,"minecraft:mutton":46,"minecraft:rail":7,"minecraft:white_wool":29,"minecraft:oxeye_daisy":2,"minecraft:leather":19,"alexsmobs:acacia_blossom":1,"minecraft:red_mushroom":2,"spelunkers_charm:old_miners_bundle":1,"minecraft:oak_log":1058,"minecraft:chainmail_chestplate":1,"farmersdelight:pasta_with_mutton_chop":1,"minecraft:paper":4,"minecraft:white_banner":14,"minecraft:apple":33,"minecraft:stone_bricks":2,"minecraft:iron_ingot":43,"minecraft:stone_pickaxe":2,"aquaculture:minnow":4,"minecraft:acacia_sapling":7,"minecraft:flowering_azalea":1,"minecraft:book":2,"minecraft:pillager_spawn_egg":4,"minecraft:smooth_basalt":3,"minecraft:pumpkin":9,"minecraft:dandelion":24,"minecraft:dripstone_block":1,"minecraft:gravel":8,"minecraft:lava_bucket":1,"minecraft:spruce_sapling":3,"minecraft:white_bed":4,"minecraft:spruce_door":2,"minecraft:slime_ball":2,"minecraft:stone_axe":2,"minecraft:iron_helmet":3,"minecraft:gray_wool":1,"minecraft:black_wool":2,"spelunkers_charm:rock":3,"minecraft:coal":769}},"DataVersion":3465}