{"stats":{"minecraft:broken":{"minecraft:iron_shovel":5,"minecraft:iron_boots":1,"minecraft:golden_shovel":4,"minecraft:stone_axe":2,"minecraft:wooden_axe":1,"minecraft:stone_shovel":2,"minecraft:stone_sword":1,"minecraft:iron_axe":2,"minecraft:iron_pickaxe":10},"minecraft:picked_up":{"minecraft:iron_chestplate":1,"minecraft:wheat":16,"aquaculture:synodontis":1,"minecraft:oak_stairs":17,"minecraft:enchanted_book":6,"minecraft:brewing_stand":1,"minecraft:raw_copper":35,"minecraft:iron_leggings":1,"minecraft:gold_nugget":262,"minecraft:cobbled_deepslate":1010,"minecraft:spruce_planks":1,"delightful:acorn":59,"delightful:green_tea_leaf":23,"minecraft:iron_boots":1,"minecraft:furnace":6,"minecraft:stick":180,"minecraft:acacia_log":45,"minecraft:torch":56,"paraglider:kakariko_goddess_statue":7,"minecraft:porkchop":35,"iceandfire:rotten_egg":2,"minecraft:pointed_dripstone":4,"minecraft:cauldron":1,"iceandfire:lightning_lily":15,"minecraft:stone_sword":1,"minecraft:rotten_flesh":10,"minecraft:cow_spawn_egg":1,"minecraft:cobblestone":1175,"minecraft:birch_log":7,"minecraft:magma_block":795,"minecraft:feather":7,"corn_delight:corn":47,"minecraft:andesite":1,"minecraft:tuff":95,"create:raw_zinc":68,"minecraft:lapis_lazuli":114,"minecraft:dirt":3135,"minecraft:lantern":7,"minecraft:bone":11,"minecraft:acacia_planks":66,"minecraft:bow":3,"delightful:mini_melon":10,"minecraft:wheat_seeds":319,"minecraft:raw_gold":40,"minecraft:grindstone":2,"minecraft:diamond_helmet":1,"minecraft:mossy_stone_bricks":1,"minecraft:fletching_table":2,"minecraft:glowstone_dust":4,"minecraft:stone_hoe":1,"minecraft:oak_planks":4,"minecraft:vindicator_spawn_egg":2,"aquaculture:gar":2,"minecraft:pig_spawn_egg":1,"minecraft:sand":1,"minecraft:mossy_cobblestone":1,"minecraft:diamond":41,"minecraft:deepslate":2,"waystones:waystone":2,"minecraft:crossbow":3,"minecraft:bone_meal":1,"minecraft:emerald":15,"minecraft:jack_o_lantern":2,"minecraft:oak_sapling":283,"minecraft:charcoal":8,"minecraft:coarse_dirt":52,"minecraft:crafting_table":8,"minecraft:allium":1,"minecraft:azure_bluet":6,"minecraft:chicken":6,"iceandfire:fire_lily":15,"minecraft:brown_mushroom":2,"gravestone:obituary":2,"minecraft:shield":1,"minecraft:cornflower":5,"minecraft:moss_carpet":1,"minecraft:iron_axe":1,"minecraft:blackstone":289,"minecraft:blue_orchid":5,"aquaculture:bluegill":2,"minecraft:beef":32,"minecraft:poppy":2,"minecraft:sugar_cane":42,"minecraft:chest":4,"minecraft:birch_sapling":2,"minecraft:spruce_trapdoor":3,"minecraft:phantom_membrane":1,"minecraft:egg":52,"minecraft:raw_iron":130,"iceandfire:dragonbone":34,"minecraft:bowl":1,"aquaculture:perch":1,"farmersdelight:tomato_seeds":10,"minecraft:carrot":697,"minecraft:redstone":1024,"alexsmobs:crocodile_scute":2,"corn_delight:corn_seeds":218,"minecraft:arrow":21,"ironfurnaces:gold_furnace":2,"aquaculture:carp":1,"mowziesmobs:umvuthana_mask_bliss":1,"minecraft:saddle":2,"minecraft:gold_ingot":19,"minecraft:mutton":46,"minecraft:white_wool":29,"minecraft:oxeye_daisy":2,"minecraft:leather":19,"alexsmobs:acacia_blossom":1,"minecraft:red_mushroom":2,"minecraft:oak_log":1058,"minecraft:chainmail_chestplate":1,"farmersdelight:pasta_with_mutton_chop":1,"minecraft:paper":4,"minecraft:white_banner":14,"minecraft:apple":33,"minecraft:stone_bricks":2,"minecraft:iron_ingot":43,"minecraft:stone_pickaxe":2,"aquaculture:minnow":4,"minecraft:flowering_azalea":1,"minecraft:acacia_sapling":7,"minecraft:book":2,"minecraft:pillager_spawn_egg":4,"minecraft:smooth_basalt":3,"minecraft:pumpkin":9,"minecraft:dandelion":24,"minecraft:dripstone_block":1,"minecraft:gravel":8,"minecraft:lava_bucket":1,"minecraft:spruce_sapling":3,"minecraft:white_bed":4,"minecraft:spruce_door":2,"minecraft:slime_ball":2,"minecraft:stone_axe":2,"minecraft:iron_helmet":3,"minecraft:gray_wool":1,"minecraft:black_wool":2,"spelunkers_charm:rock":3,"minecraft:coal":715},"minecraft:dropped":{"minecraft:brown_mushroom":2,"minecraft:oak_log":694,"minecraft:crossbow":2,"minecraft:glow_berries":25,"minecraft:lantern":1,"aquaculture:minnow":2,"minecraft:fletching_table":1,"minecraft:red_mushroom":2,"minecraft:dirt":68,"mowziesmobs:umvuthana_mask_bliss":1,"minecraft:cornflower":1,"gravestone:obituary":17,"minecraft:gold_nugget":13,"minecraft:phantom_membrane":1,"minecraft:iron_pickaxe":2,"minecraft:white_wool":7,"minecraft:bone":1,"minecraft:blackstone":22,"minecraft:cobbled_deepslate":1,"aquaculture:perch":1,"minecraft:pig_spawn_egg":1,"minecraft:birch_sapling":1,"minecraft:pointed_dripstone":1,"minecraft:oak_planks":1,"minecraft:glowstone_dust":2,"minecraft:azure_bluet":5,"minecraft:carrot":14,"minecraft:poppy":2,"aquaculture:bluegill":1,"spelunkers_charm:rock":3,"minecraft:acacia_sapling":1,"minecraft:stone_hoe":1,"minecraft:wheat_seeds":19,"minecraft:mossy_cobblestone":1,"minecraft:dripstone_block":1,"minecraft:iron_helmet":1,"minecraft:cobblestone":29,"minecraft:book":2,"delightful:green_tea_leaf":2,"minecraft:oxeye_daisy":2,"minecraft:diamond_helmet":1,"delightful:acorn":10,"minecraft:flowering_azalea":1,"minecraft:paper":4,"minecraft:bucket":2,"minecraft:acacia_planks":38,"minecraft:dandelion":16,"minecraft:smooth_basalt":3,"alexsmobs:crocodile_scute":2,"minecraft:coarse_dirt":31,"minecraft:stone_sword":1,"minecraft:raw_copper":1,"minecraft:bowl":2,"minecraft:tuff":5,"minecraft:chicken":1,"minecraft:iron_hoe":1,"minecraft:andesite":1,"minecraft:stone_bricks":1,"minecraft:stone_pickaxe":3,"minecraft:wooden_pickaxe":1,"minecraft:magma_block":54,"minecraft:black_wool":1},"minecraft:custom":{"minecraft:animals_bred":9,"minecraft:interact_with_crafting_table":92,"minecraft:open_barrel":4,"minecraft:bell_ring":2,"minecraft:leave_game":78,"minecraft:time_since_death":99015,"minecraft:sprint_one_cm":1306375,"minecraft:damage_blocked_by_shield":1896,"minecraft:drop":127,"minecraft:talked_to_villager":8,"minecraft:play_time":1050887,"minecraft:deaths":18,"minecraft:jump":10224,"minecraft:walk_on_water_one_cm":152956,"minecraft:interact_with_furnace":105,"minecraft:traded_with_villager":28,"minecraft:interact_with_loom":1,"minecraft:sleep_in_bed":20,"minecraft:waystone_activated":6,"minecraft:damage_dealt":22465,"minecraft:crouch_one_cm":20464,"minecraft:horse_one_cm":17714,"minecraft:mob_kills":131,"minecraft:climb_one_cm":1510,"minecraft:walk_one_cm":3154563,"minecraft:raid_win":2,"minecraft:sneak_time":9325,"minecraft:walk_under_water_one_cm":64269,"minecraft:total_world_time":1050887,"minecraft:raid_trigger":1,"minecraft:interact_with_grindstone":24,"minecraft:time_since_rest":8531,"minecraft:damage_taken":8313,"minecraft:swim_one_cm":178631,"minecraft:fly_one_cm":2398237,"minecraft:open_chest":239,"minecraft:fall_one_cm":187858},"minecraft:mined":{"create:deepslate_zinc_ore":39,"minecraft:spruce_planks":1,"minecraft:white_bed":4,"minecraft:oak_sapling":39,"minecraft:farmland":27,"minecraft:brewing_stand":1,"minecraft:spruce_trapdoor":3,"minecraft:acacia_log":4,"minecraft:grass_block":1987,"minecraft:tall_seagrass":45,"minecraft:magma_block":831,"minecraft:glowstone":1,"ironfurnaces:gold_furnace":2,"minecraft:iron_ore":50,"minecraft:cobbled_deepslate":14,"minecraft:fire":8,"minecraft:pumpkin":9,"minecraft:fletching_table":2,"minecraft:deepslate_lapis_ore":10,"minecraft:azure_bluet":3,"minecraft:pointed_dripstone":3,"iceandfire:gold_pile":26,"minecraft:water_cauldron":1,"minecraft:oak_stairs":17,"corn_delight:corn_crop":87,"minecraft:deepslate_redstone_ore":114,"minecraft:blackstone":289,"minecraft:torch":24,"minecraft:chest":4,"iceandfire:fire_lily":9,"minecraft:cobblestone":29,"spelunkers_charm:deepslate_geyser":6,"minecraft:grindstone":2,"minecraft:sugar_cane":18,"minecraft:wall_torch":23,"minecraft:seagrass":14,"spelunkers_charm:rock_pile_3":1,"minecraft:acacia_sapling":1,"minecraft:birch_log":7,"minecraft:wheat":34,"paraglider:kakariko_goddess_statue":7,"minecraft:grass":763,"minecraft:oak_log":11,"delightful:mini_melon":10,"minecraft:dirt":1076,"minecraft:smooth_basalt":5,"minecraft:oak_leaves":35,"minecraft:deepslate":1010,"iceandfire:lightning_lily":8,"minecraft:tuff":95,"minecraft:mossy_cobblestone":1,"minecraft:deepslate_diamond_ore":41,"farmersdelight:wild_carrots":1,"minecraft:jack_o_lantern":2,"gravestone:gravestone":8,"minecraft:allium":1,"minecraft:moss_block":15,"minecraft:large_fern":4,"minecraft:redstone_ore":2,"minecraft:spruce_sapling":4,"minecraft:furnace":6,"minecraft:carrots":207,"minecraft:andesite":1,"minecraft:deepslate_iron_ore":80,"minecraft:lantern":5,"minecraft:stone":1152,"minecraft:white_wool":2,"minecraft:spruce_door":2,"minecraft:dandelion":7,"minecraft:crafting_table":8,"spelunkers_charm:dead_grass":3,"minecraft:campfire":2,"minecraft:tall_grass":244,"minecraft:copper_ore":10,"minecraft:lapis_ore":8,"minecraft:deepslate_gold_ore":29,"minecraft:blue_bed":1,"minecraft:coarse_dirt":44,"minecraft:birch_leaves":1,"minecraft:coal_ore":502,"minecraft:gravel":8,"minecraft:dripstone_block":1,"minecraft:acacia_planks":47,"minecraft:stone_bricks":1,"minecraft:mossy_stone_bricks":1,"minecraft:gold_ore":3},"minecraft:killed_by":{"iceandfire:stymphalian_bird":2,"minecraft:vindicator":2,"iceandfire:fire_dragon":7,"alexsmobs:alligator_snapping_turtle":1,"alexsmobs:bison":1,"alexsmobs:gelada_monkey":1},"minecraft:killed":{"aquaculture:gar":2,"minecraft:skeleton":9,"alexsmobs:orca":1,"minecraft:chicken":3,"minecraft:skeleton_horse":3,"aquaculture:carp":1,"minecraft:pig":16,"minecraft:sheep":29,"minecraft:pillager":23,"minecraft:zombie":11,"alexsmobs:fly":2,"minecraft:cow":17,"minecraft:vindicator":4,"alexsmobs:seagull":2,"minecraft:phantom":3,"minecraft:ravager":2,"alexsmobs:crocodile":1,"aquaculture:synodontis":1},"minecraft:used":{"minecraft:moss_carpet":1,"minecraft:jack_o_lantern":1,"minecraft:iron_shovel":1417,"minecraft:chest":22,"minecraft:shield":319,"minecraft:stone":59,"minecraft:iron_sword":337,"mowziesmobs:umvuthana_mask_bliss":1,"minecraft:mutton":1,"minecraft:carrot":268,"minecraft:allium":1,"aquaculture:synodontis":1,"minecraft:acacia_sapling":6,"minecraft:tuff":13,"minecraft:lantern":6,"minecraft:blue_orchid":3,"minecraft:stone_bricks":1,"simplyswords:iron_scythe":46,"minecraft:bow":13,"minecraft:oak_sapling":171,"minecraft:furnace":7,"minecraft:egg":43,"minecraft:mossy_stone_bricks":1,"minecraft:spruce_door":2,"minecraft:stone_pickaxe":172,"minecraft:blackstone":266,"minecraft:wooden_pickaxe":15,"minecraft:diamond_axe":1,"minecraft:sugar_cane":16,"minecraft:white_wool":6,"minecraft:sand":1,"simplyswords:iron_chakram":3,"farmersdelight:pasta_with_mutton_chop":1,"minecraft:crossbow":2,"waystones:waystone":1,"minecraft:bread":20,"paraglider:kakariko_goddess_statue":7,"minecraft:deepslate":2,"aquaculture:gar":2,"minecraft:wooden_sword":18,"minecraft:grindstone":2,"minecraft:coarse_dirt":16,"minecraft:bone_meal":81,"ironfurnaces:gold_furnace":2,"minecraft:stone_sword":131,"minecraft:stone_shovel":267,"simplyswords:iron_warglaive":8,"minecraft:spruce_planks":1,"minecraft:stone_hoe":119,"minecraft:torch":345,"minecraft:dirt":2714,"minecraft:chainmail_chestplate":1,"minecraft:golden_shovel":136,"minecraft:iron_hoe":64,"minecraft:wooden_axe":9,"minecraft:iron_axe":270,"minecraft:oak_stairs":297,"minecraft:iron_boots":2,"minecraft:diamond_chestplate":1,"farmersdelight:tomato_seeds":10,"minecraft:cooked_beef":19,"minecraft:cobbled_deepslate":378,"minecraft:acacia_planks":172,"minecraft:pointed_dripstone":3,"minecraft:iron_leggings":1,"minecraft:wheat_seeds":158,"minecraft:cooked_mutton":24,"minecraft:water_bucket":105,"minecraft:fletching_table":1,"minecraft:crafting_table":9,"minecraft:white_bed":5,"delightful:mini_melon":10,"corn_delight:corn_seeds":146,"minecraft:cornflower":4,"minecraft:diamond_pickaxe":1272,"minecraft:diamond_shovel":1290,"aquaculture:carp":1,"minecraft:iron_pickaxe":2927,"minecraft:spruce_trapdoor":1,"minecraft:spruce_sapling":6,"minecraft:stone_axe":462,"minecraft:cobblestone":522,"minecraft:white_banner":4,"minecraft:cooked_porkchop":18,"minecraft:bucket":108,"minecraft:dandelion":4,"minecraft:diamond_leggings":1},"minecraft:crafted":{"minecraft:oak_planks":364,"minecraft:stone":59,"minecraft:diamond_shovel":1,"minecraft:cooked_mutton":32,"minecraft:diamond_helmet":1,"minecraft:diamond_leggings":1,"minecraft:iron_boots":1,"minecraft:chest":19,"minecraft:oak_button":2,"minecraft:stone_hoe":1,"sophisticatedbackpacks:backpack":1,"minecraft:arrow":192,"minecraft:emerald":16,"minecraft:cooked_porkchop":16,"minecraft:diamond_axe":1,"minecraft:crafting_table":2,"minecraft:wooden_pickaxe":1,"minecraft:copper_ingot":0,"simplyswords:iron_scythe":1,"minecraft:diamond_pickaxe":2,"minecraft:charcoal":2,"minecraft:shield":1,"minecraft:stick":52,"minecraft:iron_ingot":88,"minecraft:iron_pickaxe":12,"minecraft:stone_sword":1,"minecraft:gold_ingot":42,"minecraft:shears":1,"minecraft:wooden_sword":1,"minecraft:stone_shovel":2,"minecraft:iron_nugget":9,"minecraft:furnace":2,"simplyswords:iron_warglaive":1,"minecraft:iron_axe":4,"minecraft:iron_hoe":2,"minecraft:stone_pickaxe":1,"sophisticatedbackpacks:iron_backpack":1,"minecraft:cooked_beef":13,"simplyswords:iron_chakram":1,"minecraft:iron_sword":1,"minecraft:golden_shovel":4,"sophisticatedbackpacks:gold_backpack":1,"minecraft:bucket":7,"minecraft:stone_axe":4,"minecraft:bread":4,"minecraft:air":0,"minecraft:oak_boat":1,"minecraft:wooden_axe":2,"minecraft:oak_stairs":280,"minecraft:iron_shovel":5,"minecraft:white_bed":2,"minecraft:diamond_chestplate":1}},"DataVersion":3465}