{"stats":{"minecraft:killed_by":{"alexsmobs:alligator_snapping_turtle":1,"alexsmobs:gelada_monkey":1,"iceandfire:stymphalian_bird":2,"iceandfire:fire_dragon":7},"minecraft:dropped":{"minecraft:stone_hoe":1,"minecraft:brown_mushroom":2,"minecraft:wheat_seeds":5,"minecraft:mossy_cobblestone":1,"minecraft:iron_helmet":1,"minecraft:cobblestone":23,"minecraft:glow_berries":25,"minecraft:book":2,"minecraft:lantern":1,"delightful:green_tea_leaf":1,"aquaculture:minnow":2,"minecraft:red_mushroom":2,"minecraft:oxeye_daisy":1,"minecraft:dirt":1,"minecraft:cornflower":1,"mowziesmobs:umvuthana_mask_bliss":1,"delightful:acorn":9,"gravestone:obituary":11,"minecraft:gold_nugget":13,"minecraft:flowering_azalea":1,"minecraft:paper":4,"minecraft:white_wool":7,"minecraft:bucket":2,"minecraft:acacia_planks":38,"minecraft:dandelion":4,"minecraft:bone":1,"alexsmobs:crocodile_scute":2,"minecraft:coarse_dirt":20,"minecraft:stone_sword":1,"minecraft:raw_copper":1,"minecraft:bowl":2,"aquaculture:perch":1,"minecraft:birch_sapling":1,"minecraft:pointed_dripstone":1,"minecraft:chicken":1,"minecraft:iron_hoe":1,"minecraft:glowstone_dust":2,"minecraft:azure_bluet":3,"minecraft:carrot":14,"minecraft:poppy":2,"aquaculture:bluegill":1,"spelunkers_charm:rock":3,"minecraft:acacia_sapling":1,"minecraft:stone_bricks":1,"minecraft:stone_pickaxe":2,"minecraft:wooden_pickaxe":1},"minecraft:mined":{"create:deepslate_zinc_ore":10,"iceandfire:lightning_lily":8,"minecraft:white_bed":4,"minecraft:oak_sapling":8,"minecraft:farmland":27,"minecraft:mossy_cobblestone":1,"minecraft:jack_o_lantern":2,"minecraft:brewing_stand":1,"gravestone:gravestone":3,"minecraft:acacia_log":4,"minecraft:grass_block":1392,"minecraft:moss_block":15,"minecraft:large_fern":3,"minecraft:tall_seagrass":45,"ironfurnaces:gold_furnace":2,"minecraft:glowstone":1,"minecraft:furnace":6,"minecraft:carrots":23,"minecraft:iron_ore":47,"minecraft:pumpkin":9,"minecraft:azure_bluet":3,"iceandfire:gold_pile":26,"minecraft:pointed_dripstone":3,"minecraft:deepslate_iron_ore":58,"minecraft:water_cauldron":1,"minecraft:oak_stairs":8,"minecraft:lantern":5,"minecraft:stone":839,"minecraft:dandelion":2,"minecraft:spruce_door":1,"minecraft:crafting_table":4,"minecraft:torch":17,"minecraft:chest":2,"spelunkers_charm:dead_grass":3,"minecraft:campfire":1,"minecraft:copper_ore":10,"minecraft:tall_grass":195,"iceandfire:fire_lily":9,"minecraft:cobblestone":2,"minecraft:lapis_ore":8,"minecraft:grindstone":1,"minecraft:sugar_cane":9,"minecraft:blue_bed":1,"minecraft:wall_torch":8,"minecraft:seagrass":14,"spelunkers_charm:rock_pile_3":1,"minecraft:coarse_dirt":31,"minecraft:acacia_sapling":1,"minecraft:birch_log":7,"minecraft:wheat":32,"minecraft:birch_leaves":1,"minecraft:grass":635,"minecraft:coal_ore":180,"minecraft:oak_log":6,"delightful:mini_melon":10,"minecraft:dirt":353,"minecraft:acacia_planks":47,"minecraft:stone_bricks":1,"minecraft:mossy_stone_bricks":1,"minecraft:oak_leaves":14,"minecraft:deepslate":237,"minecraft:tuff":4},"minecraft:killed":{"aquaculture:gar":2,"minecraft:skeleton":4,"minecraft:chicken":1,"aquaculture:carp":1,"minecraft:pig":10,"minecraft:sheep":13,"minecraft:pillager":2,"alexsmobs:crocodile":1,"aquaculture:synodontis":1,"minecraft:cow":6},"minecraft:picked_up":{"minecraft:iron_chestplate":1,"minecraft:charcoal":4,"minecraft:coarse_dirt":37,"minecraft:crafting_table":4,"minecraft:wheat":14,"minecraft:azure_bluet":3,"aquaculture:synodontis":1,"minecraft:chicken":2,"iceandfire:fire_lily":15,"minecraft:brown_mushroom":2,"minecraft:oak_stairs":8,"minecraft:enchanted_book":4,"gravestone:obituary":1,"minecraft:brewing_stand":1,"minecraft:shield":1,"minecraft:cornflower":2,"minecraft:moss_carpet":1,"minecraft:raw_copper":35,"minecraft:iron_leggings":1,"minecraft:blue_orchid":5,"minecraft:gold_nugget":256,"aquaculture:bluegill":2,"minecraft:cobbled_deepslate":235,"delightful:acorn":21,"minecraft:beef":11,"minecraft:poppy":2,"delightful:green_tea_leaf":4,"minecraft:sugar_cane":18,"minecraft:chest":2,"minecraft:birch_sapling":2,"minecraft:furnace":6,"minecraft:iron_boots":1,"minecraft:egg":8,"minecraft:stick":86,"minecraft:raw_iron":105,"iceandfire:dragonbone":34,"minecraft:torch":31,"minecraft:bowl":1,"minecraft:acacia_log":45,"aquaculture:perch":1,"minecraft:porkchop":24,"farmersdelight:tomato_seeds":10,"minecraft:pointed_dripstone":4,"minecraft:carrot":78,"minecraft:cauldron":1,"alexsmobs:crocodile_scute":2,"iceandfire:lightning_lily":15,"minecraft:stone_sword":1,"minecraft:arrow":16,"ironfurnaces:gold_furnace":2,"aquaculture:carp":1,"mowziesmobs:umvuthana_mask_bliss":1,"minecraft:gold_ingot":19,"minecraft:mutton":20,"minecraft:white_wool":14,"minecraft:cobblestone":842,"minecraft:oxeye_daisy":1,"minecraft:birch_log":7,"minecraft:leather":8,"alexsmobs:acacia_blossom":1,"minecraft:red_mushroom":2,"minecraft:tuff":4,"create:raw_zinc":10,"minecraft:oak_log":362,"minecraft:chainmail_chestplate":1,"farmersdelight:pasta_with_mutton_chop":1,"minecraft:lapis_lazuli":58,"minecraft:dirt":1777,"minecraft:paper":4,"minecraft:lantern":7,"minecraft:white_banner":1,"minecraft:bone":1,"minecraft:acacia_planks":66,"minecraft:apple":10,"minecraft:stone_bricks":2,"minecraft:bow":2,"delightful:mini_melon":10,"minecraft:wheat_seeds":264,"minecraft:raw_gold":5,"minecraft:grindstone":1,"minecraft:iron_ingot":43,"minecraft:stone_pickaxe":2,"minecraft:mossy_stone_bricks":1,"aquaculture:minnow":4,"minecraft:diamond_helmet":1,"minecraft:glowstone_dust":4,"minecraft:flowering_azalea":1,"minecraft:stone_hoe":1,"minecraft:acacia_sapling":7,"minecraft:book":2,"aquaculture:gar":2,"minecraft:pumpkin":9,"minecraft:dandelion":6,"minecraft:sand":1,"minecraft:white_bed":4,"minecraft:spruce_door":1,"minecraft:mossy_cobblestone":1,"minecraft:slime_ball":2,"minecraft:stone_axe":1,"waystones:waystone":2,"minecraft:iron_helmet":3,"minecraft:bone_meal":1,"minecraft:emerald":6,"minecraft:jack_o_lantern":2,"minecraft:oak_sapling":97,"spelunkers_charm:rock":3,"minecraft:coal":401},"minecraft:custom":{"minecraft:mob_kills":42,"minecraft:animals_bred":3,"minecraft:interact_with_crafting_table":46,"minecraft:open_barrel":2,"minecraft:leave_game":29,"minecraft:time_since_death":667,"minecraft:climb_one_cm":1510,"minecraft:sprint_one_cm":557583,"minecraft:walk_one_cm":1437038,"minecraft:damage_blocked_by_shield":850,"minecraft:drop":71,"minecraft:talked_to_villager":1,"minecraft:play_time":467070,"minecraft:sneak_time":2063,"minecraft:deaths":14,"minecraft:walk_under_water_one_cm":34129,"minecraft:jump":5437,"minecraft:walk_on_water_one_cm":82676,"minecraft:total_world_time":467070,"minecraft:interact_with_furnace":66,"minecraft:interact_with_loom":1,"minecraft:sleep_in_bed":13,"minecraft:time_since_rest":700,"minecraft:waystone_activated":6,"minecraft:damage_taken":4459,"minecraft:damage_dealt":7941,"minecraft:swim_one_cm":169687,"minecraft:fly_one_cm":1230324,"minecraft:open_chest":90,"minecraft:crouch_one_cm":2459,"minecraft:fall_one_cm":110638},"minecraft:broken":{"minecraft:iron_shovel":5,"minecraft:golden_shovel":4,"minecraft:stone_axe":2,"minecraft:iron_pickaxe":2,"minecraft:wooden_axe":1,"minecraft:stone_shovel":2},"minecraft:crafted":{"minecraft:wooden_sword":1,"minecraft:oak_planks":244,"minecraft:stone_shovel":2,"minecraft:furnace":2,"minecraft:stone":59,"minecraft:cooked_mutton":18,"minecraft:iron_axe":3,"minecraft:iron_hoe":1,"minecraft:stone_pickaxe":1,"minecraft:oak_button":2,"minecraft:chest":2,"minecraft:stone_hoe":1,"minecraft:cooked_porkchop":14,"minecraft:crafting_table":2,"minecraft:wooden_pickaxe":1,"minecraft:golden_shovel":4,"minecraft:bucket":3,"minecraft:stone_axe":4,"minecraft:bread":4,"minecraft:air":0,"minecraft:charcoal":2,"minecraft:shield":1,"minecraft:stick":48,"minecraft:iron_ingot":80,"minecraft:oak_stairs":200,"minecraft:iron_pickaxe":8,"minecraft:wooden_axe":2,"minecraft:stone_sword":1,"minecraft:iron_shovel":5,"minecraft:gold_ingot":5,"minecraft:white_bed":2,"minecraft:shears":1},"minecraft:used":{"minecraft:jack_o_lantern":1,"minecraft:moss_carpet":1,"minecraft:stone_sword":107,"minecraft:iron_shovel":1417,"minecraft:stone_shovel":267,"minecraft:chest":4,"minecraft:shield":286,"minecraft:iron_sword":59,"minecraft:stone":59,"minecraft:stone_hoe":119,"minecraft:torch":109,"minecraft:dirt":731,"mowziesmobs:umvuthana_mask_bliss":1,"minecraft:mutton":1,"minecraft:chainmail_chestplate":1,"minecraft:carrot":83,"aquaculture:synodontis":1,"minecraft:acacia_sapling":6,"minecraft:golden_shovel":136,"minecraft:wooden_axe":9,"minecraft:lantern":6,"minecraft:iron_axe":18,"minecraft:blue_orchid":3,"minecraft:oak_stairs":208,"minecraft:iron_boots":1,"minecraft:stone_bricks":1,"minecraft:bow":3,"minecraft:oak_sapling":85,"minecraft:furnace":7,"minecraft:egg":3,"farmersdelight:tomato_seeds":10,"minecraft:acacia_planks":172,"minecraft:pointed_dripstone":3,"minecraft:iron_leggings":1,"minecraft:wheat_seeds":66,"minecraft:cooked_mutton":8,"minecraft:water_bucket":22,"minecraft:mossy_stone_bricks":1,"minecraft:spruce_door":1,"minecraft:stone_pickaxe":172,"minecraft:wooden_pickaxe":15,"minecraft:sugar_cane":8,"minecraft:white_wool":1,"minecraft:sand":1,"minecraft:crafting_table":6,"farmersdelight:pasta_with_mutton_chop":1,"minecraft:white_bed":5,"delightful:mini_melon":10,"waystones:waystone":1,"minecraft:cornflower":1,"aquaculture:carp":1,"minecraft:bread":4,"minecraft:iron_pickaxe":1261,"aquaculture:gar":2,"minecraft:stone_axe":462,"minecraft:wooden_sword":18,"minecraft:cobblestone":28,"minecraft:grindstone":1,"minecraft:cooked_porkchop":3,"minecraft:bucket":23,"minecraft:coarse_dirt":14,"minecraft:dandelion":2,"minecraft:bone_meal":81,"ironfurnaces:gold_furnace":2}},"DataVersion":3465}