{"stats":{"minecraft:mined":{"minecraft:dark_oak_planks":2,"cfm:stripped_oak_chair":5,"minecraft:red_nether_bricks":2,"minecells:doorway_frame":1,"minecraft:red_sand":1,"minecraft:deepslate_bricks":5,"minecraft:chiseled_stone_bricks":7,"minecraft:spawner":5,"minecraft:tall_seagrass":1,"minecraft:magma_block":15,"minecraft:dark_oak_trapdoor":1,"minecraft:fire":3,"minecraft:sticky_piston":3,"minecraft:cobbled_deepslate":1,"minecraft:deepslate_lapis_ore":4,"minecraft:fletching_table":1,"minecraft:nether_brick_stairs":6,"minecraft:cave_vines":1,"minecraft:water_cauldron":1,"minecraft:oak_stairs":7,"minecraft:spruce_pressure_plate":2,"minecraft:deepslate_brick_stairs":1,"minecraft:white_banner":3,"minecraft:tripwire":5,"betternether:netherrack_stalactite":5,"minecraft:kelp_plant":2,"minecraft:smoker":2,"ironfurnaces:iron_furnace":1,"minecraft:torch":63,"minecraft:dark_oak_wood":2,"minecraft:blast_furnace":2,"minecraft:melon":26,"minecraft:nether_brick_slab":1,"farmersdelight:cabbages":1,"minecraft:sugar_cane":17,"minecraft:bricks":14,"minecraft:birch_sapling":3,"paraglider:horned_statue":2,"betternether:obsidian_glass":1,"minecraft:wheat":113,"minecraft:stone_brick_stairs":18,"minecraft:grass":893,"delightful:mini_melon":9,"minecraft:oak_fence_gate":5,"create:hand_crank":3,"minecraft:smooth_basalt":5,"minecraft:stonecutter":3,"minecraft:piston":2,"minecraft:deepslate":469,"create:millstone":2,"iceandfire:silver_ore":4,"waterframes:projector":4,"farmersdelight:wild_carrots":16,"minecraft:potted_flowering_azalea_bush":1,"minecraft:end_stone":4,"diagonalfences:cfm/stripped_oak_upgraded_fence":13,"minecraft:nether_bricks":10,"minecells:rotting_corpse":1,"minecraft:jungle_planks":6,"minecraft:redstone_wire":2,"farmersdelight:wild_cabbages":29,"farmersdelight:wild_onions":39,"betternether:weeping_obsidian":2,"minecraft:andesite":5,"cfm:white_sofa":4,"minecraft:chiseled_nether_bricks":2,"waterframes:big_tv":7,"minecraft:observer":3,"minecraft:dandelion":4,"minecraft:emerald_ore":1,"minecraft:tall_grass":349,"minecraft:copper_ore":17,"minecraft:deepslate_gold_ore":43,"cfm:stripped_oak_kitchen_drawer":8,"farmersdelight:skillet":2,"minecraft:coarse_dirt":25,"minecraft:spruce_log":7,"minecraft:birch_leaves":1,"minecraft:gravel":29,"minecraft:cobweb":34,"minecraft:acacia_planks":1,"minecraft:stone_bricks":16,"minecraft:gold_ore":3,"minecraft:fern":2,"create:deepslate_zinc_ore":1,"minecells:small_prison_bricks":12,"minecraft:spruce_planks":41,"minecraft:oak_sapling":63,"minecraft:farmland":21,"corn_delight:wild_corn":21,"minecraft:brewing_stand":1,"minecraft:grass_block":2311,"cfm:stripped_oak_mail_box":2,"farmersdelight:budding_tomatoes":3,"betternether:cincinnasite_ore":1,"minecraft:raw_iron_block":3,"minecraft:glowstone":12,"ironfurnaces:gold_furnace":1,"farmersdelight:wild_rice":14,"minecraft:iron_ore":49,"diagonalfences:minecraft/spruce_fence":7,"minecraft:spruce_slab":6,"corn_delight:corn_crop":23,"minecraft:deepslate_redstone_ore":16,"minecells:prison_bricks":14,"betternether:golden_vine":1,"minecraft:blackstone":31,"minecraft:clay":1,"delightful:pumpkin_pie":1,"diagonalfences:minecraft/oak_fence":72,"minecraft:chest":5,"minecraft:cobblestone":15,"ironfurnaces:emerald_furnace":1,"minecraft:oak_planks":172,"minecraft:grindstone":1,"minecraft:wall_torch":19,"minecraft:cauldron":4,"farmersdelight:sandy_shrub":1,"minecraft:birch_log":3,"delightful:cantaloupe":7,"farmersdelight:cutting_board":3,"biomesoplenty:hair":2,"minecraft:lava_cauldron":4,"paraglider:kakariko_goddess_statue":1,"minecraft:oak_log":50,"minecraft:sand":201,"minecraft:dirt":3337,"minecraft:netherrack":58,"minecells:chain_pile":1,"create:crimsite":3,"minecraft:oak_leaves":25,"minecraft:red_carpet":2,"minecraft:crying_obsidian":8,"minecraft:tuff":75,"cfm:stripped_oak_table":44,"minecraft:potted_wither_rose":1,"minecraft:deepslate_diamond_ore":72,"gravestone:gravestone":4,"minecraft:purple_terracotta":1,"minecraft:decorated_pot":1,"farmersdelight:tomatoes":5,"minecraft:spruce_leaves":7,"minecraft:sandstone":22,"minecraft:rooted_dirt":2,"morevillagers:woodworking_table":1,"minecraft:large_fern":1,"minecraft:hay_block":128,"minecraft:spruce_sapling":5,"minecraft:furnace":1,"minecraft:carrots":95,"minecraft:raw_gold_block":3,"farmersdelight:rope":1,"minecraft:deepslate_iron_ore":151,"easy_villagers:trader":8,"minecraft:lantern":1,"minecraft:stripped_oak_log":55,"waterframes:frame":9,"betternether:nether_lapis_ore":5,"minecraft:stone":1490,"farmersdelight:cooking_pot":1,"iceandfire:pixie_jar_empty":1,"minecraft:scaffolding":5,"minecraft:basalt":2,"minecraft:crafting_table":7,"minecraft:oak_wood":98,"delightful:wild_salmonberries":10,"minecraft:blue_bed":7,"farmersdelight:wild_beetroots":7,"cfm:black_sofa":1,"minecraft:coal_ore":214,"farmersdelight:stove":4},"minecraft:killed":{"iceandfire:stymphalian_bird":1,"minecraft:shulker":7,"minecraft:skeleton":20,"minecraft:chicken":2,"minecells:grenadier":4,"minecraft:magma_cube":6,"minecraft:parrot":13,"minecraft:pillager":28,"minecraft:zombie":15,"minecells:shieldbearer":10,"minecraft:cow":23,"minecraft:vindicator":32,"minecells:undead_archer":9,"alexsmobs:seagull":5,"alexsmobs:gelada_monkey":1,"alexsmobs:elephant":1,"minecraft:witch":3,"minecraft:spider":2,"aquaculture:gar":3,"minecraft:illusioner":4,"minecells:leaping_zombie":23,"aquaculture:carp":2,"minecraft:pig":5,"minecraft:zombie_villager":1,"minecraft:creeper":2,"minecraft:sheep":25,"minecraft:stray":1,"alexsmobs:fly":1,"aquaculture:bluegill":6,"minecraft:phantom":4,"iceandfire:fire_dragon":1,"alexsmobs:bison":16,"cataclysm:lionfish":1,"mowziesmobs:umvuthana":3,"alexsmobs:emu":1,"alexsmobs:crow":1,"minecraft:wither_skeleton":6},"minecraft:killed_by":{"minecraft:vindicator":2,"minecraft:shulker":1,"iceandfire:fire_dragon":1},"minecraft:custom":{"minecraft:interact_with_crafting_table":209,"minecraft:open_barrel":41,"minecraft:leave_game":26,"minecraft:time_since_death":560659,"minecraft:deaths":4,"minecraft:play_time":1794339,"minecraft:jump":14733,"minecraft:enchant_item":1,"minecraft:interact_with_furnace":149,"minecraft:traded_with_villager":794,"minecraft:sleep_in_bed":33,"minecraft:waystone_activated":7,"minecraft:damage_dealt":59099,"minecraft:horse_one_cm":24,"minecraft:sneak_time":85881,"minecraft:total_world_time":1794339,"minecraft:tune_noteblock":2,"minecraft:interact_with_stonecutter":10,"minecraft:time_since_rest":28252,"minecraft:swim_one_cm":314918,"minecraft:fly_one_cm":4430102,"minecraft:open_chest":728,"minecraft:fish_caught":24,"minecraft:fall_one_cm":227612,"lootr:looted_stat":192,"minecraft:animals_bred":34,"minecraft:sprint_one_cm":3012994,"minecraft:drop":107,"minecraft:talked_to_villager":18,"minecraft:walk_on_water_one_cm":126020,"minecraft:interact_with_loom":2,"minecraft:crouch_one_cm":378583,"minecraft:mob_kills":293,"minecraft:interact_with_campfire":10,"minecraft:damage_dealt_resisted":27,"minecraft:climb_one_cm":11978,"minecraft:walk_one_cm":5141887,"minecraft:raid_win":1,"minecraft:walk_under_water_one_cm":179726,"minecraft:raid_trigger":1,"minecraft:pot_flower":1,"minecraft:interact_with_grindstone":1,"minecraft:damage_taken":11721,"minecraft:trigger_trapped_chest":1},"minecraft:dropped":{"minecraft:rooted_dirt":1,"betternether:black_bush":2,"minecraft:dirt":7,"mowziesmobs:umvuthana_mask_bliss":1,"minecraft:gold_nugget":20,"farmersdelight:pasta_with_mutton_chop":2,"minecraft:wheat":4,"minecraft:rotten_flesh":10,"minecraft:azure_bluet":2,"minecraft:tipped_arrow":1,"minecraft:acacia_sapling":2,"minecraft:stone_brick_stairs":1,"minecraft:wheat_seeds":51,"minecraft:cobblestone":9,"delightful:acorn":58,"minecraft:string":1,"minecraft:lily_pad":1,"minecraft:stone_sword":1,"minecraft:diamond_hoe":3,"minecraft:iron_boots":1,"minecraft:allium":78,"minecraft:spider_eye":2,"minecraft:blue_orchid":2,"minecraft:lantern":1,"minecraft:cornflower":3,"gravestone:obituary":7,"minecraft:gravel":1,"minecraft:blackstone":4,"minecraft:gunpowder":1,"minecraft:melon_seeds":1,"minecraft:arrow":2,"minecraft:oak_leaves":1,"minecraft:purple_terracotta":1,"minecraft:grass_block":1,"minecraft:torch":106,"minecraft:iron_leggings":2,"minecraft:dandelion":22,"minecraft:redstone":5,"alexsmobs:maggot":2,"minecraft:coarse_dirt":5,"farmersdelight:cabbage_seeds":1,"minecraft:tall_grass":4,"minecraft:iron_chestplate":1,"minecraft:oak_sapling":1,"minecraft:golden_sword":1,"minecraft:wooden_pickaxe":1},"minecraft:used":{"minecraft:beetroot":2,"mowziesmobs:umvuthana_mask_fear":3,"minecraft:spruce_slab":457,"minecraft:polished_blackstone":4,"farmersdelight:cabbage_seeds":94,"minecraft:chest":32,"minecraft:farmland":1,"immersive_aircraft:quadrocopter":1,"mowziesmobs:umvuthana_mask_bliss":1,"cfm:oak_blinds":24,"minecraft:allium":5,"minecraft:deepslate_brick_slab":88,"waterframes:remote":1,"minecraft:azure_bluet":1,"biomesoplenty:smooth_black_sandstone_stairs":5,"minecraft:villager_spawn_egg":1,"friendsandfoes:totem_of_illusion":4,"minecraft:grass_block":473,"farmersdelight:rotten_tomato":8,"minecraft:stone_brick_stairs":45,"ironfurnaces:iron_furnace":1,"mowziesmobs:umvuthana_mask_rage":1,"simplyswords:iron_scythe":176,"minecraft:bow":1,"minecraft:oak_sapling":49,"minecraft:furnace":16,"minecraft:cooked_cod":5,"minecraft:egg":17,"immersive_aircraft:biplane":8,"minecraft:potato":107,"betternether:golden_vine":1,"minecraft:spruce_door":2,"minecraft:blackstone":178,"minecraft:wooden_pickaxe":6,"minecells:putrid_sapling":1,"minecraft:oak_leaves":8,"minecraft:glow_berries":16,"minecraft:dark_oak_trapdoor":1,"cfm:black_picket_gate":6,"minecraft:deepslate_brick_stairs":312,"globalxp:xp_block":3,"minecraft:smithing_table":1,"waterframes:projector":4,"minecraft:oak_boat":1,"delightful:acorn":1,"ironchest:wood_to_iron_chest_upgrade":20,"ironfurnaces:gold_furnace":1,"minecraft:cooked_salmon":8,"minecraft:netherrack":44,"minecraft:torch":280,"simplyswords:iron_katana":355,"minecells:prison_brick_stairs":15,"minecraft:nether_brick_slab":1,"aquaculture:gold_fishing_rod":33,"minecraft:nether_brick_stairs":17,"minecraft:oak_fence_gate":9,"simplyswords:diamond_scythe":572,"minecraft:iron_axe":923,"waterframes:big_tv":8,"easy_villagers:trader":44,"cfm:stripped_oak_upgraded_fence":13,"minecraft:diamond_chestplate":1,"minecraft:basalt":1,"farmersdelight:cooking_pot":1,"farmersdelight:tomato_seeds":25,"minecraft:cobbled_deepslate":48,"minecraft:acacia_planks":1,"minecraft:wheat_seeds":95,"minecraft:water_bucket":89,"mowziesmobs:umvuthana_spawn_egg":1,"minecraft:cauldron":1,"minecraft:fletching_table":1,"minecraft:spruce_fence_gate":14,"minecraft:deepslate_bricks":655,"minecraft:polished_blackstone_bricks":488,"minecraft:crafting_table":10,"minecraft:spruce_log":200,"justhammers:iron_hammer":361,"minecraft:oak_log":448,"minecraft:diamond_pickaxe":947,"minecraft:diamond_shovel":3549,"cfm:white_sofa":6,"minecraft:iron_pickaxe":1995,"minecraft:spruce_pressure_plate":2,"minecraft:spruce_sapling":47,"minecraft:chiseled_stone_bricks":50,"enchantinginfuser:enchanting_infuser":1,"cfm:stripped_oak_table":92,"minecraft:cobblestone":205,"minecraft:cooked_porkchop":9,"cfm:stripped_oak_bedside_cabinet":2,"minecraft:glass_pane":24,"minecraft:kelp":21,"delightful:cantaloupe":7,"minecraft:red_sand":1,"minecraft:iron_shovel":2364,"easy_villagers:breeder":1,"minecraft:diamond_hoe":123,"minecraft:decorated_pot":1,"farmersdelight:stove":6,"minecraft:iron_chestplate":1,"minecraft:jungle_planks":2,"minecraft:nether_bricks":89,"minecraft:carrot":468,"minecraft:tuff":2,"minecraft:axolotl_bucket":12,"minecraft:obsidian":23,"minecraft:glass":195,"minecraft:bricks":3,"minecraft:lantern":23,"minecraft:blue_orchid":1,"cfm:stripped_oak_kitchen_drawer":12,"cfm:stripped_oak_chair":9,"waterframes:frame":10,"minecraft:dark_oak_wood":2,"minecraft:iron_helmet":2,"create:millstone":2,"minecraft:stone_bricks":46,"minecraft:item_frame":2,"minecraft:red_carpet":2,"farmersdelight:cutting_board":15,"minecraft:beetroot_seeds":92,"aquaculture:fish_fillet_cooked":10,"iceandfire:pixie_jar_empty":1,"minecraft:stone_pickaxe":45,"minecells:chain_pile":11,"minecraft:oak_planks":2854,"minecraft:diamond_axe":278,"minecraft:blue_bed":8,"immersive_aircraft:cargo_airship":1,"farmersdelight:pasta_with_mutton_chop":1,"minecraft:shulker_spawn_egg":1,"minecraft:shears":28,"minecraft:black_terracotta":1,"waystones:waystone":4,"easy_villagers:villager":3,"minecraft:black_concrete":659,"minecraft:bread":4,"paraglider:kakariko_goddess_statue":1,"ironchest:iron_to_gold_chest_upgrade":2,"minecraft:gravel":1,"minecraft:grindstone":1,"betterend:end_fish_cooked":1,"immersive_aircraft:gyrodyne":1,"minecraft:white_concrete":17,"minecraft:coarse_dirt":7,"minecraft:bone_meal":24,"minecraft:cobweb":19,"minecraft:oak_fence":964,"betternether:netherrack_stalactite":4,"minecraft:flint_and_steel":1,"minecraft:redstone":2,"minecraft:spruce_planks":2917,"immersive_aircraft:warship":2,"minecraft:stone_hoe":22,"minecraft:oak_door":2,"minecraft:dirt":3040,"minecraft:spruce_stairs":546,"minecraft:oak_wood":885,"minecraft:salmon_bucket":5,"minecraft:spruce_fence":285,"farmersdelight:rope":1,"minecraft:purple_banner":1,"minecraft:iron_hoe":555,"paraglider:horned_statue":1,"minecraft:dark_oak_planks":2,"cfm:black_sofa":38,"minecraft:bookshelf":13,"minecraft:oak_stairs":438,"minecraft:iron_boots":2,"minecells:prison_doorway":1,"easy_villagers:incubator":2,"minecraft:cooked_beef":4,"minecraft:iron_leggings":2,"minecraft:cooked_mutton":7,"farmersdelight:skillet":4,"minecraft:baked_potato":26,"minecells:prison_bricks":93,"minecraft:birch_boat":1,"minecraft:stonecutter":3,"cfm:stripped_oak_mail_box":3,"minecraft:painting":1,"delightful:mini_melon":9,"corn_delight:corn_seeds":67,"minecraft:flower_pot":2,"minecraft:apple":19,"minecraft:cracked_polished_blackstone_bricks":3,"biomesoplenty:black_sandstone_stairs":1,"simplyswords:iron_sai":145,"minecraft:stone_axe":132,"minecells:small_prison_bricks":17,"ironfurnaces:emerald_furnace":1,"minecraft:white_banner":4,"minecraft:bucket":103,"alexsmobs:animal_dictionary":1,"create:hand_crank":3},"minecraft:broken":{"minecraft:iron_boots":1,"minecraft:iron_chestplate":1,"minecraft:diamond_shovel":2,"minecraft:iron_hoe":3,"minecraft:stone_hoe":1,"minecraft:iron_axe":7,"minecraft:iron_pickaxe":6,"mowziesmobs:umvuthana_mask_fear":1,"minecraft:iron_shovel":8,"minecraft:stone_axe":2,"justhammers:iron_hammer":4},"minecraft:picked_up":{"minecraft:flower_pot":2,"minecraft:smithing_table":1,"minecells:small_prison_bricks":12,"minecraft:lead":2,"minecraft:oak_stairs":7,"minecraft:wither_rose":1,"minecraft:enchanted_book":1,"minecraft:brewing_stand":1,"minecraft:golden_sword":1,"farmersdelight:cutting_board":11,"iceandfire:manuscript":10,"minecraft:string":33,"minecraft:dark_oak_trapdoor":1,"minecraft:cooked_salmon":1,"minecraft:red_nether_bricks":2,"biomesoplenty:tall_lavender":1,"minecraft:beetroot":437,"minecraft:gold_nugget":6,"minecraft:cobbled_deepslate":2738,"minecraft:spruce_planks":41,"minecraft:melon_slice":135,"minecraft:spruce_pressure_plate":2,"minecells:guts":6,"paraglider:kakariko_goddess_statue":1,"waterframes:projector":4,"betternether:cincinnasite":2,"minecraft:cauldron":9,"minecraft:chiseled_nether_bricks":2,"aquaculture:fish_fillet_cooked":17,"minecraft:zombie_spawn_egg":2,"iceandfire:lightning_lily":1,"minecraft:stone_sword":1,"farmersdelight:onion":57,"iceandfire:fire_dragon_heart":1,"farmersdelight:rope":1,"minecraft:birch_log":75,"minecraft:magma_block":16,"minecraft:feather":36,"farmersdelight:rice":26,"minecraft:water_bucket":1,"minecraft:smoker":2,"alexsmobs:bison_fur":18,"minecraft:flint":4,"delightful:cantaloupe":7,"farmersdelight:tomato":280,"minecells:prison_doorway":1,"minecraft:lantern":5,"farmersdelight:mutton_chops":6,"minecraft:stonecutter":3,"delightful:mini_melon":9,"minecraft:diamond_helmet":1,"minecraft:glowstone_dust":32,"minecraft:vindicator_spawn_egg":1,"aquaculture:gar":5,"betternether:weeping_obsidian":2,"iceandfire:dragon_skull_fire":1,"iceandfire:stymphalian_bird_feather":4,"minecraft:ink_sac":49,"minecraft:trapped_chest":1,"cataclysm:lionfish":1,"minecraft:iron_hoe":1,"create:crimsite":29,"minecells:explosive_bulb":2,"minecraft:rooted_dirt":1,"aquaculture:box":1,"alexsmobs:maggot":2,"minecraft:bricks":14,"iceandfire:raw_silver":4,"minecraft:spruce_leaves":3,"minecraft:coarse_dirt":25,"minecells:putrid_sapling":1,"minecraft:crafting_table":7,"iceandfire:witherbone":3,"minecraft:clay_ball":4,"friendsandfoes:totem_of_illusion":4,"morevillagers:woodworking_table":1,"gravestone:obituary":3,"minecraft:cornflower":3,"minecraft:flint_and_steel":1,"minecraft:beef":44,"minecraft:spruce_slab":10,"minecraft:chest":5,"betternether:netherrack_stalactite":4,"minecraft:birch_sapling":18,"minecraft:piston":2,"minecraft:diamond_hoe":2,"minecraft:egg":17,"cfm:white_sofa":4,"minecraft:sandstone":20,"cfm:stripped_oak_mail_box":2,"minecraft:stone":3,"minecraft:raw_gold_block":3,"minecraft:spruce_fence":7,"farmersdelight:tomato_seeds":10,"minecraft:carrot":1714,"minecraft:redstone":105,"minecraft:jungle_sign":2,"iceandfire:dragon_skull_ice":1,"minecraft:cooked_cod":5,"minecraft:beetroot_seeds":792,"minecraft:decorated_pot":1,"ironfurnaces:gold_furnace":1,"aquaculture:brown_trout":2,"minecraft:deepslate_bricks":5,"minecraft:hay_block":128,"mowziesmobs:umvuthana_mask_bliss":1,"aquaculture:carp":2,"minecraft:gold_ingot":36,"minecraft:mutton":41,"minecraft:white_wool":71,"minecraft:stripped_oak_log":55,"betternether:obsidian_glass":1,"alexsmobs:acacia_blossom":1,"minecraft:oak_log":1760,"minecraft:lily_pad":19,"farmersdelight:skillet":2,"alexsdelight:bison_patty":84,"minecraft:blue_bed":8,"minecraft:white_banner":5,"mowziesmobs:umvuthana_mask_rage":1,"farmersdelight:cooking_pot":1,"minecraft:apple":47,"minecraft:stone_bricks":16,"iceandfire:pixie_jar_empty":1,"minecraft:kelp":21,"minecraft:oak_fence_gate":5,"ironfurnaces:augment_speed":1,"minecraft:cobweb":4,"minecraft:tall_grass":2,"minecraft:flowering_azalea":1,"cfm:stripped_oak_chair":5,"aquaculture:smallmouth_bass":3,"minecraft:smooth_basalt":10,"betternether:black_bush":2,"minecells:monster_cell":20,"minecells:infected_flesh":9,"minecraft:gravel":26,"minecraft:spruce_sapling":56,"delightful:salmonberries":10,"minecraft:spruce_log":447,"minecraft:crying_obsidian":8,"minecraft:oak_wood":98,"create:millstone":2,"minecraft:painting":3,"minecraft:gray_wool":5,"mowziesmobs:umvuthana_mask_fear":1,"minecraft:baked_potato":256,"minecraft:melon_seeds":1,"minecraft:shulker_shell":4,"minecraft:wheat":620,"minecraft:stone_brick_stairs":18,"minecraft:raw_copper":96,"minecraft:iron_leggings":1,"minecraft:sticky_piston":3,"minecraft:purple_banner":1,"minecraft:red_sand":1,"farmersdelight:cabbage":424,"minecraft:bucket":3,"delightful:acorn":122,"delightful:green_tea_leaf":69,"farmersdelight:cabbage_seeds":595,"minecraft:furnace":1,"cfm:stripped_oak_upgraded_fence":13,"minecraft:stick":409,"farmersdelight:rotten_tomato":8,"minecraft:oak_fence":68,"minecraft:torch":252,"minecraft:porkchop":8,"minecraft:villager_spawn_egg":1,"iceandfire:rotten_egg":2,"minecraft:shulker_spawn_egg":1,"betternether:lapis_pile":27,"minecraft:rotten_flesh":33,"alexsdelight:raw_bison":79,"minecraft:deepslate_brick_stairs":1,"farmersdelight:raw_pasta":6,"minecraft:obsidian":7,"minecraft:cod":7,"minecraft:cobblestone":2203,"corn_delight:corn":532,"minecraft:andesite":6,"minecraft:potato":1352,"paraglider:spirit_orb":10,"minecraft:tuff":174,"create:raw_zinc":2,"minecraft:lapis_lazuli":71,"minecraft:dirt":5635,"minecraft:bone":19,"minecraft:acacia_planks":1,"minecraft:bow":1,"minecraft:wheat_seeds":1511,"easy_villagers:trader":8,"minecraft:raw_gold":54,"minecraft:grindstone":1,"minecraft:fletching_table":2,"minecraft:stone_hoe":1,"minecraft:oak_planks":172,"ironfurnaces:iron_furnace":1,"minecraft:cooked_porkchop":2,"minecraft:pig_spawn_egg":2,"minecraft:axolotl_bucket":6,"minecraft:poisonous_potato":6,"minecraft:jungle_planks":6,"minecraft:sand":192,"minecraft:nether_brick_stairs":6,"minecraft:diamond":79,"artifacts:golden_hook":1,"waystones:waystone":6,"minecraft:crossbow":3,"minecraft:emerald":23,"minecraft:oak_sapling":480,"minecraft:netherrack":57,"minecells:chain_pile":1,"minecraft:oak_leaves":21,"betternether:golden_vine":1,"minecraft:allium":83,"minecraft:azure_bluet":3,"minecraft:chicken":2,"simplyswords:iron_sai":1,"iceandfire:fire_lily":1,"minecraft:shield":1,"immersive_aircraft:biplane":8,"minecraft:item_frame":3,"minecraft:blackstone":34,"minecraft:blue_orchid":12,"aquaculture:bluegill":14,"minecraft:oak_boat":1,"minecraft:observer":3,"minecraft:light_gray_wool":5,"minecraft:sugar_cane":66,"minecraft:phantom_membrane":4,"cfm:stripped_oak_kitchen_drawer":8,"iceandfire:dragonscales_gray":15,"iceandfire:dragonbone":27,"minecraft:raw_iron":222,"minecraft:end_stone":6,"minecraft:squid_spawn_egg":2,"minecraft:bowl":5,"minecells:monsters_eye":2,"aquaculture:perch":6,"create:hand_crank":3,"minecraft:purple_terracotta":1,"minecraft:dark_oak_planks":2,"corn_delight:corn_seeds":1074,"minecraft:arrow":29,"minecraft:nether_bricks":10,"paraglider:horned_statue":2,"minecraft:skeleton_skull":1,"minecraft:basalt":1,"minecraft:glow_ink_sac":8,"minecraft:salmon":2,"minecraft:leather":25,"alexsdelight:bison_mince":42,"alexsmobs:cachalot_whale_tooth":2,"minecraft:gunpowder":2,"farmersdelight:pasta_with_mutton_chop":1,"cfm:stripped_oak_table":44,"minecraft:cooked_mutton":10,"minecraft:red_carpet":2,"mowziesmobs:umvuthana_spawn_egg":1,"minecraft:iron_ingot":46,"minecells:prison_bricks":14,"aquaculture:minnow":6,"minecraft:acacia_sapling":2,"iceandfire:fire_dragon_flesh":2,"minecraft:scaffolding":11,"minecraft:chiseled_stone_bricks":7,"minecraft:dandelion":22,"minecraft:raw_iron_block":3,"waterframes:big_tv":7,"minecraft:blast_furnace":2,"minecraft:nether_brick_slab":1,"minecraft:spider_eye":8,"ironfurnaces:augment_blasting":1,"waterframes:frame":9,"minecraft:iron_helmet":2,"cfm:black_sofa":1,"ironfurnaces:emerald_furnace":1,"minecraft:black_wool":4,"minecraft:dark_oak_wood":2,"farmersdelight:stove":4,"minecraft:coal":455},"minecraft:crafted":{"minecraft:black_dye":6,"minecraft:birch_boat":1,"easy_villagers:incubator":2,"minecraft:diamond_shovel":1,"minecraft:bookshelf":11,"cfm:stripped_oak_upgraded_fence":12,"aquaculture:fish_fillet_raw":17,"minecraft:deepslate_brick_stairs":16,"minecraft:glass":34,"aquaculture:gold_fishing_rod":1,"cfm:white_sofa":2,"easy_villagers:trader":36,"minecraft:black_wool":25,"minecraft:wooden_shovel":1,"minecraft:emerald":462,"enchantinginfuser:enchanting_infuser":1,"minecraft:diamond_axe":1,"farmersdelight:iron_knife":1,"waterframes:big_tv":1,"minecraft:spruce_door":3,"ironfurnaces:augment_blasting":1,"minecraft:copper_ingot":0,"minecraft:fletching_table":5,"minecraft:oak_wood":21,"minecraft:campfire":2,"ironfurnaces:augment_speed":1,"minecraft:stone_brick_stairs":9,"aquaculture:iron_hook":1,"minecraft:iron_pickaxe":5,"minecraft:iron_block":1,"minecraft:gold_ingot":40,"minecraft:spruce_fence_gate":14,"minecraft:iron_nugget":27,"minecraft:diamond_hoe":1,"minecraft:birch_log":924,"minecraft:spruce_fence":291,"minecraft:lantern":2,"minecraft:spruce_stairs":80,"morevillagers:woodworking_table":6,"minecraft:stone_pickaxe":1,"minecraft:wheat":1152,"ironchest:wood_to_iron_chest_upgrade":20,"minecraft:enchanting_table":1,"create:dough":1,"ironfurnaces:upgrade_iron":1,"farmersdelight:cooking_pot":1,"sophisticatedbackpacks:gold_backpack":1,"ironfurnaces:upgrade_gold":1,"minecraft:oak_fence_gate":2,"minecraft:oak_log":864,"ironchest:iron_to_gold_chest_upgrade":2,"aquaculture:stone_fillet_knife":1,"minecraft:oak_stairs":352,"minecraft:iron_shovel":6,"minecraft:white_bed":1,"ironfurnaces:upgrade_diamond":1,"minecraft:brick":0,"minecraft:oak_planks":1072,"simplyswords:iron_katana":1,"minecraft:stone":8,"cfm:stripped_oak_chair":4,"cfm:stripped_oak_bedside_cabinet":2,"cfm:oak_blinds":24,"minecraft:chest":30,"minecraft:copper_block":1,"minecraft:stone_bricks":58,"minecraft:oak_fence":603,"farmersdelight:stove":2,"farmersdelight:tomato_seeds":1,"cfm:stripped_oak_mail_box":1,"sophisticatedbackpacks:backpack":1,"minecraft:spruce_planks":1044,"minecraft:wooden_pickaxe":1,"minecraft:iron_helmet":1,"minecraft:gold_block":1,"minecraft:birch_planks":4,"farmersdelight:skillet":1,"waterframes:remote":1,"cfm:black_sofa":12,"farmersdelight:cutting_board":4,"minecraft:book":10,"minecraft:iron_chestplate":1,"minecraft:paper":12,"minecraft:diamond_pickaxe":1,"minecraft:stick":324,"cfm:stripped_oak_table":48,"minecraft:iron_ingot":66,"cfm:stripped_oak_kitchen_drawer":4,"minecraft:shears":1,"minecraft:oak_door":3,"minecraft:spruce_log":192,"simplyswords:diamond_scythe":1,"minecraft:stone_button":3,"minecraft:furnace":15,"minecraft:glass_pane":352,"minecraft:iron_axe":4,"minecraft:iron_hoe":1,"sophisticatedbackpacks:iron_backpack":1,"minecraft:cooked_beef":4,"minecraft:sugar":1,"iceandfire:silver_ingot":0,"minecraft:bowl":4,"minecraft:bucket":12,"minecraft:stone_axe":1,"minecraft:bread":391,"minecraft:air":0,"justhammers:iron_hammer":4,"easy_villagers:breeder":1,"minecraft:stonecutter":1,"ironfurnaces:upgrade_emerald":1,"minecraft:diamond_chestplate":1}},"DataVersion":3465}