{"stats":{"minecraft:killed":{"minecraft:witch":3,"aquaculture:gar":3,"iceandfire:stymphalian_bird":1,"minecraft:shulker":7,"minecraft:chicken":2,"aquaculture:carp":2,"minecraft:pig":1,"minecraft:sheep":12,"minecraft:pillager":13,"minecraft:zombie":2,"alexsmobs:fly":1,"minecraft:cow":12,"aquaculture:bluegill":6,"minecraft:vindicator":2,"alexsmobs:seagull":2,"minecraft:phantom":4,"iceandfire:fire_dragon":1,"alexsmobs:bison":15,"mowziesmobs:umvuthana":3,"alexsmobs:emu":1,"alexsmobs:gelada_monkey":1,"alexsmobs:elephant":1},"minecraft:killed_by":{"iceandfire:fire_dragon":1,"minecraft:shulker":1},"minecraft:broken":{"mowziesmobs:umvuthana_mask_fear":1,"minecraft:iron_shovel":8,"minecraft:diamond_shovel":1,"minecraft:stone_axe":2,"minecraft:iron_hoe":3,"justhammers:iron_hammer":4,"minecraft:stone_hoe":1,"minecraft:iron_axe":6,"minecraft:iron_pickaxe":6},"minecraft:dropped":{"minecraft:rooted_dirt":1,"minecraft:dirt":7,"mowziesmobs:umvuthana_mask_bliss":1,"minecraft:cornflower":3,"gravestone:obituary":2,"minecraft:gold_nugget":20,"farmersdelight:pasta_with_mutton_chop":2,"minecraft:gravel":1,"minecraft:wheat":3,"minecraft:azure_bluet":2,"minecraft:gunpowder":1,"minecraft:acacia_sapling":2,"minecraft:oak_leaves":1,"minecraft:wheat_seeds":43,"minecraft:cobblestone":3,"minecraft:grass_block":1,"minecraft:iron_leggings":2,"delightful:acorn":58,"minecraft:lily_pad":1,"minecraft:dandelion":21,"minecraft:redstone":5,"alexsmobs:maggot":2,"minecraft:coarse_dirt":5,"minecraft:diamond_hoe":1,"farmersdelight:cabbage_seeds":1,"minecraft:tall_grass":4,"minecraft:iron_boots":1,"minecraft:allium":55,"minecraft:iron_chestplate":1,"minecraft:oak_sapling":1,"minecraft:spider_eye":2,"minecraft:blue_orchid":2,"minecraft:wooden_pickaxe":1},"minecraft:picked_up":{"minecraft:shulker_shell":4,"minecraft:wheat":505,"minecraft:flower_pot":1,"minecraft:smithing_table":1,"minecraft:lead":1,"minecraft:oak_stairs":7,"minecraft:enchanted_book":1,"minecraft:stone_brick_stairs":17,"minecraft:brewing_stand":1,"farmersdelight:cutting_board":7,"iceandfire:manuscript":10,"minecraft:string":21,"minecraft:raw_copper":55,"minecraft:cooked_salmon":1,"minecraft:iron_leggings":1,"minecraft:beetroot":324,"minecraft:gold_nugget":6,"minecraft:cobbled_deepslate":2740,"minecraft:bucket":3,"farmersdelight:cabbage":311,"delightful:acorn":84,"minecraft:spruce_planks":40,"delightful:green_tea_leaf":55,"farmersdelight:cabbage_seeds":399,"minecraft:furnace":1,"cfm:stripped_oak_upgraded_fence":11,"minecraft:stick":299,"farmersdelight:rotten_tomato":8,"minecraft:oak_fence":31,"minecraft:torch":128,"paraglider:kakariko_goddess_statue":1,"waterframes:projector":4,"minecraft:porkchop":2,"iceandfire:rotten_egg":2,"minecraft:shulker_spawn_egg":1,"minecraft:cauldron":1,"aquaculture:fish_fillet_cooked":17,"minecraft:zombie_spawn_egg":2,"iceandfire:lightning_lily":1,"minecraft:rotten_flesh":2,"farmersdelight:onion":27,"iceandfire:fire_dragon_heart":1,"alexsdelight:raw_bison":49,"farmersdelight:rope":1,"minecraft:deepslate_brick_stairs":1,"farmersdelight:raw_pasta":4,"minecraft:obsidian":7,"minecraft:cod":7,"minecraft:cobblestone":1581,"minecraft:birch_log":23,"minecraft:magma_block":13,"minecraft:feather":13,"farmersdelight:rice":26,"corn_delight:corn":348,"minecraft:water_bucket":1,"minecraft:andesite":6,"minecraft:smoker":1,"minecraft:potato":1041,"alexsmobs:bison_fur":16,"delightful:cantaloupe":7,"minecraft:tuff":174,"create:raw_zinc":2,"minecraft:lapis_lazuli":71,"farmersdelight:tomato":216,"minecraft:dirt":4305,"minecraft:lantern":1,"farmersdelight:mutton_chops":4,"minecraft:acacia_planks":1,"minecraft:stonecutter":2,"delightful:mini_melon":9,"minecraft:wheat_seeds":1171,"minecraft:raw_gold":54,"minecraft:grindstone":1,"minecraft:fletching_table":2,"minecraft:diamond_helmet":1,"minecraft:oak_planks":101,"minecraft:stone_hoe":1,"ironfurnaces:iron_furnace":1,"minecraft:vindicator_spawn_egg":1,"aquaculture:gar":4,"minecraft:cooked_porkchop":2,"minecraft:pig_spawn_egg":1,"minecraft:axolotl_bucket":6,"minecraft:poisonous_potato":2,"iceandfire:dragon_skull_fire":1,"minecraft:sand":87,"iceandfire:stymphalian_bird_feather":4,"minecraft:ink_sac":49,"minecraft:trapped_chest":1,"minecraft:iron_hoe":1,"create:crimsite":29,"artifacts:golden_hook":1,"minecraft:diamond":79,"waystones:waystone":5,"minecraft:crossbow":3,"aquaculture:box":1,"minecraft:emerald":6,"alexsmobs:maggot":2,"minecraft:rooted_dirt":1,"minecraft:oak_sapling":359,"minecraft:bricks":14,"minecraft:oak_leaves":4,"iceandfire:raw_silver":1,"minecraft:spruce_leaves":3,"minecraft:crafting_table":7,"minecraft:coarse_dirt":17,"minecraft:allium":55,"minecraft:azure_bluet":3,"minecraft:chicken":2,"minecraft:clay_ball":4,"simplyswords:iron_sai":1,"iceandfire:fire_lily":1,"minecraft:cornflower":3,"immersive_aircraft:biplane":2,"minecraft:flint_and_steel":1,"minecraft:item_frame":1,"minecraft:blackstone":26,"minecraft:blue_orchid":12,"aquaculture:bluegill":11,"minecraft:beef":27,"minecraft:oak_boat":1,"minecraft:light_gray_wool":4,"minecraft:sugar_cane":66,"minecraft:chest":4,"minecraft:birch_sapling":8,"minecraft:phantom_membrane":4,"minecraft:diamond_hoe":1,"minecraft:egg":16,"cfm:stripped_oak_kitchen_drawer":4,"cfm:white_sofa":2,"iceandfire:dragonbone":7,"minecraft:raw_iron":222,"minecraft:sandstone":20,"minecraft:end_stone":6,"iceandfire:dragonscales_gray":15,"minecraft:stone":3,"minecraft:squid_spawn_egg":2,"minecraft:bowl":2,"minecraft:spruce_fence":7,"aquaculture:perch":3,"farmersdelight:tomato_seeds":9,"create:hand_crank":3,"minecraft:carrot":1386,"minecraft:redstone":103,"minecraft:jungle_sign":2,"corn_delight:corn_seeds":671,"minecraft:cooked_cod":5,"minecraft:decorated_pot":1,"minecraft:beetroot_seeds":578,"ironfurnaces:gold_furnace":1,"aquaculture:brown_trout":1,"minecraft:deepslate_bricks":5,"aquaculture:carp":2,"mowziesmobs:umvuthana_mask_bliss":1,"minecraft:gold_ingot":36,"minecraft:mutton":18,"minecraft:skeleton_skull":1,"minecraft:white_wool":62,"minecraft:stripped_oak_log":34,"minecraft:glow_ink_sac":8,"minecraft:salmon":1,"minecraft:leather":15,"alexsmobs:acacia_blossom":1,"alexsdelight:bison_mince":42,"alexsmobs:cachalot_whale_tooth":2,"minecraft:oak_log":1370,"minecraft:lily_pad":19,"minecraft:gunpowder":1,"farmersdelight:pasta_with_mutton_chop":1,"alexsdelight:bison_patty":42,"farmersdelight:skillet":1,"minecraft:blue_bed":8,"minecraft:white_banner":5,"cfm:stripped_oak_table":26,"minecraft:cooked_mutton":10,"minecraft:apple":36,"minecraft:stone_bricks":9,"mowziesmobs:umvuthana_mask_rage":1,"minecraft:kelp":21,"mowziesmobs:umvuthana_spawn_egg":1,"minecraft:iron_ingot":45,"minecraft:oak_fence_gate":5,"ironfurnaces:augment_speed":1,"minecraft:tall_grass":2,"aquaculture:minnow":4,"iceandfire:fire_dragon_flesh":2,"minecraft:flowering_azalea":1,"minecraft:acacia_sapling":2,"cfm:stripped_oak_chair":5,"aquaculture:smallmouth_bass":2,"minecraft:smooth_basalt":10,"minecraft:chiseled_stone_bricks":7,"minecraft:dandelion":21,"minecraft:raw_iron_block":3,"minecraft:gravel":2,"waterframes:big_tv":6,"minecraft:spruce_sapling":56,"minecraft:blast_furnace":2,"minecraft:spruce_log":447,"minecraft:spider_eye":7,"ironfurnaces:augment_blasting":1,"waterframes:frame":9,"minecraft:oak_wood":94,"create:millstone":2,"minecraft:iron_helmet":2,"cfm:black_sofa":1,"minecraft:gray_wool":5,"mowziesmobs:umvuthana_mask_fear":1,"ironfurnaces:emerald_furnace":1,"minecraft:black_wool":1,"farmersdelight:stove":2,"minecraft:coal":432},"minecraft:mined":{"create:deepslate_zinc_ore":1,"minecraft:spruce_planks":40,"minecraft:oak_sapling":59,"minecraft:farmland":21,"cfm:stripped_oak_chair":5,"corn_delight:wild_corn":21,"minecraft:brewing_stand":1,"minecraft:grass_block":1867,"minecraft:deepslate_bricks":5,"farmersdelight:budding_tomatoes":3,"minecraft:chiseled_stone_bricks":7,"minecraft:tall_seagrass":1,"minecraft:raw_iron_block":3,"minecraft:magma_block":12,"ironfurnaces:gold_furnace":1,"farmersdelight:wild_rice":14,"minecraft:iron_ore":49,"minecraft:fire":3,"minecraft:cobbled_deepslate":3,"minecraft:deepslate_lapis_ore":4,"minecraft:fletching_table":1,"diagonalfences:minecraft/spruce_fence":7,"minecraft:cave_vines":1,"minecraft:water_cauldron":1,"minecraft:oak_stairs":7,"minecraft:deepslate_brick_stairs":1,"minecraft:white_banner":3,"corn_delight:corn_crop":23,"minecraft:deepslate_redstone_ore":16,"minecraft:blackstone":22,"minecraft:kelp_plant":2,"minecraft:smoker":1,"ironfurnaces:iron_furnace":1,"minecraft:clay":1,"minecraft:torch":50,"delightful:pumpkin_pie":1,"minecraft:blast_furnace":2,"diagonalfences:minecraft/oak_fence":31,"minecraft:chest":4,"farmersdelight:cabbages":1,"minecraft:cobblestone":15,"ironfurnaces:emerald_furnace":1,"minecraft:oak_planks":101,"minecraft:sugar_cane":17,"minecraft:grindstone":1,"minecraft:bricks":14,"minecraft:wall_torch":15,"farmersdelight:sandy_shrub":1,"minecraft:birch_log":3,"farmersdelight:cutting_board":3,"delightful:cantaloupe":7,"minecraft:wheat":112,"paraglider:kakariko_goddess_statue":1,"minecraft:stone_brick_stairs":17,"minecraft:grass":728,"minecraft:oak_log":42,"delightful:mini_melon":9,"minecraft:oak_fence_gate":5,"create:hand_crank":3,"minecraft:sand":96,"minecraft:dirt":2445,"minecraft:smooth_basalt":5,"minecraft:stonecutter":2,"create:crimsite":3,"minecraft:oak_leaves":8,"minecraft:deepslate":469,"minecraft:tuff":75,"create:millstone":2,"iceandfire:silver_ore":1,"cfm:stripped_oak_table":26,"minecraft:deepslate_diamond_ore":72,"waterframes:projector":4,"farmersdelight:wild_carrots":16,"minecraft:potted_flowering_azalea_bush":1,"minecraft:end_stone":4,"diagonalfences:cfm/stripped_oak_upgraded_fence":11,"gravestone:gravestone":2,"minecraft:decorated_pot":1,"farmersdelight:tomatoes":5,"minecraft:spruce_leaves":7,"farmersdelight:wild_cabbages":29,"minecraft:rooted_dirt":2,"minecraft:sandstone":22,"minecraft:large_fern":1,"farmersdelight:wild_onions":27,"minecraft:spruce_sapling":5,"minecraft:furnace":1,"minecraft:carrots":95,"minecraft:andesite":5,"farmersdelight:rope":1,"minecraft:deepslate_iron_ore":151,"minecraft:lantern":1,"minecraft:stripped_oak_log":34,"waterframes:frame":9,"cfm:white_sofa":2,"minecraft:stone":868,"waterframes:big_tv":6,"minecraft:dandelion":4,"minecraft:crafting_table":7,"minecraft:emerald_ore":1,"minecraft:oak_wood":94,"minecraft:copper_ore":4,"minecraft:tall_grass":307,"minecraft:deepslate_gold_ore":43,"cfm:stripped_oak_kitchen_drawer":4,"minecraft:blue_bed":7,"farmersdelight:wild_beetroots":7,"farmersdelight:skillet":1,"cfm:black_sofa":1,"minecraft:coarse_dirt":17,"minecraft:spruce_log":7,"minecraft:birch_leaves":1,"minecraft:coal_ore":195,"minecraft:gravel":1,"minecraft:cobweb":21,"farmersdelight:stove":2,"minecraft:acacia_planks":1,"minecraft:stone_bricks":9,"minecraft:gold_ore":3},"minecraft:custom":{"minecraft:animals_bred":30,"minecraft:interact_with_crafting_table":176,"minecraft:open_barrel":40,"minecraft:leave_game":16,"minecraft:time_since_death":1041420,"minecraft:sprint_one_cm":1876700,"minecraft:drop":62,"minecraft:talked_to_villager":12,"minecraft:play_time":1157943,"minecraft:deaths":2,"minecraft:jump":9877,"minecraft:walk_on_water_one_cm":105064,"minecraft:interact_with_furnace":135,"minecraft:traded_with_villager":1,"minecraft:interact_with_loom":2,"minecraft:sleep_in_bed":24,"minecraft:waystone_activated":6,"minecraft:damage_dealt":22394,"minecraft:crouch_one_cm":338332,"minecraft:mob_kills":96,"minecraft:interact_with_campfire":10,"minecraft:damage_dealt_resisted":27,"minecraft:climb_one_cm":502,"minecraft:walk_one_cm":3323220,"minecraft:raid_win":1,"minecraft:sneak_time":73447,"minecraft:walk_under_water_one_cm":136932,"minecraft:total_world_time":1157943,"minecraft:raid_trigger":1,"minecraft:pot_flower":1,"minecraft:interact_with_grindstone":1,"minecraft:interact_with_stonecutter":10,"minecraft:time_since_rest":90553,"minecraft:damage_taken":6049,"minecraft:trigger_trapped_chest":1,"minecraft:swim_one_cm":226274,"minecraft:fly_one_cm":2923316,"minecraft:open_chest":425,"minecraft:fish_caught":24,"minecraft:fall_one_cm":160354},"minecraft:crafted":{"minecraft:brick":0,"minecraft:black_dye":6,"minecraft:oak_planks":432,"simplyswords:iron_katana":1,"minecraft:birch_boat":1,"minecraft:stone":8,"easy_villagers:incubator":1,"minecraft:diamond_shovel":1,"cfm:stripped_oak_upgraded_fence":12,"cfm:stripped_oak_chair":4,"cfm:stripped_oak_bedside_cabinet":2,"aquaculture:fish_fillet_raw":17,"minecraft:deepslate_brick_stairs":16,"minecraft:glass":34,"aquaculture:gold_fishing_rod":1,"cfm:white_sofa":2,"cfm:oak_blinds":24,"minecraft:chest":30,"minecraft:copper_block":1,"easy_villagers:trader":7,"minecraft:black_wool":25,"minecraft:stone_bricks":58,"minecraft:oak_fence":63,"farmersdelight:stove":2,"farmersdelight:tomato_seeds":1,"cfm:stripped_oak_mail_box":1,"minecraft:wooden_shovel":1,"sophisticatedbackpacks:backpack":1,"minecraft:spruce_planks":1044,"farmersdelight:iron_knife":1,"waterframes:big_tv":1,"minecraft:iron_helmet":1,"minecraft:wooden_pickaxe":1,"minecraft:spruce_door":3,"ironfurnaces:augment_blasting":1,"minecraft:copper_ingot":0,"minecraft:gold_block":1,"minecraft:oak_wood":21,"minecraft:birch_planks":4,"minecraft:campfire":2,"farmersdelight:skillet":1,"waterframes:remote":1,"ironfurnaces:augment_speed":1,"cfm:black_sofa":12,"farmersdelight:cutting_board":4,"minecraft:stone_brick_stairs":9,"minecraft:iron_chestplate":1,"minecraft:paper":12,"minecraft:diamond_pickaxe":1,"aquaculture:iron_hook":1,"minecraft:stick":152,"cfm:stripped_oak_table":20,"minecraft:iron_ingot":66,"minecraft:iron_pickaxe":5,"minecraft:iron_block":1,"minecraft:gold_ingot":40,"cfm:stripped_oak_kitchen_drawer":4,"minecraft:spruce_fence_gate":14,"minecraft:shears":1,"minecraft:oak_door":3,"minecraft:iron_nugget":27,"minecraft:furnace":15,"minecraft:stone_button":3,"minecraft:spruce_fence":291,"minecraft:glass_pane":96,"minecraft:lantern":2,"minecraft:spruce_stairs":80,"minecraft:iron_axe":4,"minecraft:iron_hoe":1,"minecraft:stone_pickaxe":1,"sophisticatedbackpacks:iron_backpack":1,"minecraft:cooked_beef":4,"minecraft:sugar":1,"ironchest:wood_to_iron_chest_upgrade":8,"create:dough":1,"minecraft:bowl":4,"ironfurnaces:upgrade_iron":1,"farmersdelight:cooking_pot":1,"sophisticatedbackpacks:gold_backpack":1,"minecraft:bucket":12,"minecraft:stone_axe":1,"minecraft:air":0,"ironfurnaces:upgrade_gold":1,"minecraft:oak_fence_gate":2,"justhammers:iron_hammer":4,"ironchest:iron_to_gold_chest_upgrade":2,"minecraft:oak_stairs":352,"aquaculture:stone_fillet_knife":1,"easy_villagers:breeder":1,"minecraft:iron_shovel":6,"minecraft:stonecutter":1,"minecraft:white_bed":1,"ironfurnaces:upgrade_emerald":1,"ironfurnaces:upgrade_diamond":1},"minecraft:used":{"minecraft:beetroot":2,"minecraft:iron_shovel":2364,"easy_villagers:breeder":1,"mowziesmobs:umvuthana_mask_fear":3,"farmersdelight:cabbage_seeds":93,"minecraft:diamond_hoe":2,"farmersdelight:stove":4,"minecraft:chest":32,"minecraft:decorated_pot":1,"minecraft:iron_chestplate":1,"mowziesmobs:umvuthana_mask_bliss":1,"cfm:oak_blinds":24,"minecraft:carrot":282,"minecraft:tuff":2,"minecraft:axolotl_bucket":12,"minecraft:azure_bluet":1,"waterframes:remote":1,"minecraft:glass":186,"minecraft:bricks":3,"cfm:stripped_oak_kitchen_drawer":8,"minecraft:grass_block":1,"minecraft:lantern":8,"minecraft:blue_orchid":1,"waterframes:frame":10,"cfm:stripped_oak_chair":9,"farmersdelight:rotten_tomato":8,"minecraft:iron_helmet":2,"create:millstone":2,"minecraft:stone_brick_stairs":45,"minecraft:stone_bricks":45,"minecraft:item_frame":1,"ironfurnaces:iron_furnace":1,"simplyswords:iron_scythe":91,"mowziesmobs:umvuthana_mask_rage":1,"farmersdelight:cutting_board":11,"minecraft:oak_sapling":2,"minecraft:furnace":16,"minecraft:cooked_cod":5,"minecraft:beetroot_seeds":92,"minecraft:egg":16,"aquaculture:fish_fillet_cooked":10,"immersive_aircraft:biplane":2,"minecraft:potato":107,"minecraft:spruce_door":2,"minecraft:stone_pickaxe":45,"minecraft:oak_planks":1820,"minecraft:wooden_pickaxe":6,"minecraft:blue_bed":8,"minecraft:oak_leaves":3,"minecraft:glow_berries":16,"farmersdelight:pasta_with_mutton_chop":1,"minecraft:shulker_spawn_egg":1,"minecraft:shears":7,"minecraft:deepslate_brick_stairs":17,"waystones:waystone":4,"minecraft:bread":4,"paraglider:kakariko_goddess_statue":1,"ironchest:iron_to_gold_chest_upgrade":2,"minecraft:gravel":1,"globalxp:xp_block":3,"minecraft:grindstone":1,"waterframes:projector":4,"minecraft:smithing_table":1,"minecraft:oak_boat":1,"delightful:acorn":1,"minecraft:coarse_dirt":7,"minecraft:bone_meal":24,"minecraft:cobweb":19,"minecraft:oak_fence":93,"ironchest:wood_to_iron_chest_upgrade":8,"ironfurnaces:gold_furnace":1,"minecraft:spruce_planks":1714,"minecraft:cooked_salmon":7,"minecraft:stone_hoe":22,"minecraft:oak_door":2,"minecraft:torch":211,"minecraft:dirt":2862,"simplyswords:iron_katana":355,"minecraft:spruce_stairs":80,"minecraft:oak_wood":664,"aquaculture:gold_fishing_rod":33,"minecraft:spruce_fence":285,"farmersdelight:rope":1,"minecraft:oak_fence_gate":7,"minecraft:iron_hoe":555,"cfm:black_sofa":13,"minecraft:iron_axe":894,"minecraft:oak_stairs":438,"waterframes:big_tv":7,"easy_villagers:trader":6,"cfm:stripped_oak_upgraded_fence":11,"farmersdelight:cooking_pot":1,"easy_villagers:incubator":1,"farmersdelight:tomato_seeds":23,"minecraft:cooked_beef":4,"minecraft:cobbled_deepslate":50,"minecraft:acacia_planks":1,"minecraft:wheat_seeds":95,"minecraft:cooked_mutton":7,"minecraft:water_bucket":79,"mowziesmobs:umvuthana_spawn_egg":1,"farmersdelight:skillet":3,"minecraft:birch_boat":1,"minecraft:cauldron":1,"minecraft:fletching_table":1,"minecraft:spruce_fence_gate":14,"minecraft:stonecutter":3,"cfm:stripped_oak_mail_box":1,"minecraft:deepslate_bricks":348,"minecraft:crafting_table":10,"minecraft:spruce_log":200,"delightful:mini_melon":9,"justhammers:iron_hammer":361,"corn_delight:corn_seeds":45,"minecraft:oak_log":342,"minecraft:flower_pot":1,"minecraft:diamond_pickaxe":94,"minecraft:apple":19,"minecraft:diamond_shovel":2067,"cfm:white_sofa":4,"minecraft:iron_pickaxe":1995,"minecraft:spruce_sapling":47,"simplyswords:iron_sai":145,"minecraft:stone_axe":132,"minecraft:chiseled_stone_bricks":50,"cfm:stripped_oak_table":46,"minecraft:cobblestone":200,"ironfurnaces:emerald_furnace":1,"cfm:stripped_oak_bedside_cabinet":2,"minecraft:white_banner":4,"minecraft:cooked_porkchop":9,"minecraft:bucket":74,"minecraft:glass_pane":24,"alexsmobs:animal_dictionary":1,"create:hand_crank":3,"minecraft:kelp":21,"delightful:cantaloupe":7}},"DataVersion":3465}