{"stats":{"minecraft:killed_by":{"iceandfire:fire_dragon":1,"minecraft:shulker":1},"minecraft:dropped":{"minecraft:dirt":7,"mowziesmobs:umvuthana_mask_bliss":1,"gravestone:obituary":2,"minecraft:gold_nugget":20,"farmersdelight:pasta_with_mutton_chop":2,"minecraft:gravel":1,"minecraft:wheat":3,"minecraft:gunpowder":1,"minecraft:acacia_sapling":2,"minecraft:wheat_seeds":43,"minecraft:cobblestone":3,"minecraft:iron_leggings":1,"minecraft:lily_pad":1,"minecraft:dandelion":16,"farmersdelight:cabbage_seeds":1,"minecraft:tall_grass":4,"minecraft:iron_boots":1,"minecraft:allium":55,"minecraft:iron_chestplate":1,"minecraft:spider_eye":2,"minecraft:blue_orchid":2,"minecraft:wooden_pickaxe":1},"minecraft:mined":{"minecraft:spruce_planks":30,"minecraft:oak_sapling":35,"minecraft:farmland":21,"cfm:stripped_oak_chair":5,"corn_delight:wild_corn":21,"minecraft:grass_block":897,"minecraft:deepslate_bricks":4,"farmersdelight:budding_tomatoes":3,"minecraft:chiseled_stone_bricks":7,"minecraft:tall_seagrass":1,"ironfurnaces:gold_furnace":1,"farmersdelight:wild_rice":14,"minecraft:iron_ore":39,"minecraft:cave_vines":1,"minecraft:water_cauldron":1,"minecraft:oak_stairs":7,"corn_delight:corn_crop":10,"minecraft:deepslate_redstone_ore":6,"ironfurnaces:iron_furnace":1,"minecraft:clay":1,"minecraft:torch":18,"diagonalfences:minecraft/oak_fence":1,"minecraft:chest":3,"minecraft:cobblestone":5,"minecraft:sugar_cane":9,"minecraft:oak_planks":66,"minecraft:bricks":14,"minecraft:wall_torch":10,"farmersdelight:sandy_shrub":1,"minecraft:birch_log":3,"farmersdelight:cutting_board":3,"minecraft:wheat":20,"minecraft:stone_brick_stairs":17,"minecraft:grass":507,"minecraft:oak_log":25,"delightful:mini_melon":9,"minecraft:oak_fence_gate":3,"create:hand_crank":3,"minecraft:sand":96,"minecraft:dirt":367,"minecraft:stonecutter":2,"create:crimsite":3,"minecraft:oak_leaves":2,"minecraft:deepslate":77,"minecraft:tuff":7,"create:millstone":2,"cfm:stripped_oak_table":25,"minecraft:deepslate_diamond_ore":3,"waterframes:projector":4,"farmersdelight:wild_carrots":16,"minecraft:potted_flowering_azalea_bush":1,"minecraft:end_stone":4,"gravestone:gravestone":2,"minecraft:decorated_pot":1,"farmersdelight:tomatoes":5,"farmersdelight:wild_cabbages":29,"minecraft:spruce_leaves":4,"minecraft:sandstone":22,"minecraft:large_fern":1,"farmersdelight:wild_onions":27,"minecraft:spruce_sapling":2,"minecraft:furnace":1,"minecraft:carrots":33,"farmersdelight:rope":1,"minecraft:deepslate_iron_ore":39,"minecraft:lantern":1,"minecraft:stripped_oak_log":25,"waterframes:frame":6,"cfm:white_sofa":2,"minecraft:stone":344,"waterframes:big_tv":6,"minecraft:dandelion":4,"minecraft:crafting_table":5,"minecraft:emerald_ore":1,"minecraft:oak_wood":42,"minecraft:tall_grass":184,"minecraft:deepslate_gold_ore":15,"cfm:stripped_oak_kitchen_drawer":4,"minecraft:blue_bed":6,"farmersdelight:wild_beetroots":7,"cfm:black_sofa":1,"farmersdelight:skillet":1,"minecraft:spruce_log":3,"minecraft:birch_leaves":1,"minecraft:coal_ore":96,"minecraft:gravel":1,"farmersdelight:stove":2,"minecraft:cobweb":17,"minecraft:acacia_planks":1,"minecraft:stone_bricks":9,"minecraft:gold_ore":3},"minecraft:killed":{"minecraft:witch":3,"aquaculture:gar":3,"iceandfire:stymphalian_bird":1,"minecraft:shulker":7,"minecraft:chicken":2,"aquaculture:carp":2,"minecraft:pig":1,"minecraft:sheep":12,"minecraft:zombie":2,"minecraft:cow":12,"aquaculture:bluegill":6,"alexsmobs:seagull":2,"iceandfire:fire_dragon":1,"alexsmobs:bison":15,"mowziesmobs:umvuthana":3,"alexsmobs:emu":1,"alexsmobs:gelada_monkey":1,"alexsmobs:elephant":1},"minecraft:picked_up":{"minecraft:shulker_shell":4,"minecraft:wheat":3,"minecraft:flower_pot":1,"minecraft:oak_stairs":7,"minecraft:enchanted_book":1,"minecraft:stone_brick_stairs":17,"farmersdelight:cutting_board":7,"iceandfire:manuscript":10,"minecraft:string":17,"minecraft:raw_copper":13,"minecraft:cooked_salmon":1,"minecraft:beetroot":2,"minecraft:gold_nugget":6,"minecraft:cobbled_deepslate":245,"minecraft:bucket":3,"farmersdelight:cabbage":6,"minecraft:spruce_planks":30,"delightful:acorn":58,"delightful:green_tea_leaf":36,"farmersdelight:cabbage_seeds":29,"minecraft:furnace":1,"minecraft:stick":208,"farmersdelight:rotten_tomato":1,"minecraft:oak_fence":1,"minecraft:torch":79,"waterframes:projector":4,"minecraft:porkchop":2,"minecraft:shulker_spawn_egg":1,"minecraft:cauldron":1,"aquaculture:fish_fillet_cooked":17,"minecraft:zombie_spawn_egg":2,"iceandfire:lightning_lily":1,"minecraft:rotten_flesh":2,"farmersdelight:onion":27,"iceandfire:fire_dragon_heart":1,"alexsdelight:raw_bison":49,"farmersdelight:rope":1,"farmersdelight:raw_pasta":4,"minecraft:obsidian":7,"minecraft:cod":7,"minecraft:cobblestone":531,"minecraft:birch_log":23,"minecraft:feather":10,"farmersdelight:rice":26,"corn_delight:corn":3,"alexsmobs:bison_fur":16,"minecraft:tuff":104,"farmersdelight:tomato":26,"minecraft:dirt":1276,"minecraft:lantern":1,"farmersdelight:mutton_chops":4,"minecraft:acacia_planks":1,"minecraft:stonecutter":2,"delightful:mini_melon":9,"minecraft:wheat_seeds":141,"minecraft:raw_gold":18,"minecraft:stone_hoe":1,"minecraft:oak_planks":66,"ironfurnaces:iron_furnace":1,"aquaculture:gar":4,"minecraft:cooked_porkchop":2,"minecraft:axolotl_bucket":6,"iceandfire:dragon_skull_fire":1,"minecraft:sand":87,"iceandfire:stymphalian_bird_feather":4,"minecraft:ink_sac":20,"minecraft:iron_hoe":1,"create:crimsite":29,"minecraft:diamond":9,"waystones:waystone":5,"minecraft:emerald":5,"aquaculture:box":1,"minecraft:oak_sapling":257,"minecraft:bricks":14,"minecraft:crafting_table":5,"minecraft:allium":55,"minecraft:chicken":2,"minecraft:clay_ball":4,"simplyswords:iron_sai":1,"iceandfire:fire_lily":1,"immersive_aircraft:biplane":2,"minecraft:flint_and_steel":1,"minecraft:item_frame":1,"minecraft:blue_orchid":12,"aquaculture:bluegill":11,"minecraft:beef":27,"minecraft:oak_boat":1,"minecraft:chest":3,"minecraft:sugar_cane":34,"minecraft:birch_sapling":8,"minecraft:phantom_membrane":1,"cfm:white_sofa":2,"cfm:stripped_oak_kitchen_drawer":4,"iceandfire:dragonbone":7,"minecraft:sandstone":20,"minecraft:raw_iron":79,"minecraft:end_stone":6,"iceandfire:dragonscales_gray":15,"minecraft:stone":3,"minecraft:bowl":2,"aquaculture:perch":3,"farmersdelight:tomato_seeds":8,"create:hand_crank":3,"minecraft:carrot":144,"minecraft:redstone":52,"minecraft:jungle_sign":2,"corn_delight:corn_seeds":41,"minecraft:cooked_cod":5,"minecraft:decorated_pot":1,"minecraft:beetroot_seeds":13,"ironfurnaces:gold_furnace":1,"aquaculture:brown_trout":1,"minecraft:deepslate_bricks":4,"aquaculture:carp":2,"mowziesmobs:umvuthana_mask_bliss":1,"minecraft:gold_ingot":36,"minecraft:mutton":18,"minecraft:skeleton_skull":1,"minecraft:white_wool":34,"minecraft:stripped_oak_log":25,"minecraft:salmon":1,"minecraft:leather":15,"alexsmobs:acacia_blossom":1,"alexsdelight:bison_mince":42,"minecraft:oak_log":705,"minecraft:lily_pad":19,"minecraft:gunpowder":1,"farmersdelight:pasta_with_mutton_chop":1,"alexsdelight:bison_patty":42,"farmersdelight:skillet":1,"minecraft:blue_bed":7,"cfm:stripped_oak_table":25,"minecraft:cooked_mutton":3,"minecraft:apple":30,"minecraft:stone_bricks":9,"mowziesmobs:umvuthana_mask_rage":1,"mowziesmobs:umvuthana_spawn_egg":1,"minecraft:oak_fence_gate":3,"minecraft:iron_ingot":45,"minecraft:tall_grass":2,"aquaculture:minnow":4,"minecraft:acacia_sapling":2,"minecraft:flowering_azalea":1,"iceandfire:fire_dragon_flesh":2,"cfm:stripped_oak_chair":5,"aquaculture:smallmouth_bass":2,"minecraft:chiseled_stone_bricks":7,"minecraft:dandelion":16,"minecraft:gravel":2,"waterframes:big_tv":6,"minecraft:spruce_sapling":25,"minecraft:spruce_log":87,"minecraft:spider_eye":2,"waterframes:frame":6,"minecraft:oak_wood":42,"create:millstone":2,"cfm:black_sofa":1,"mowziesmobs:umvuthana_mask_fear":1,"minecraft:black_wool":1,"farmersdelight:stove":2,"minecraft:coal":307},"minecraft:custom":{"minecraft:interact_with_crafting_table":107,"minecraft:open_barrel":8,"minecraft:leave_game":7,"minecraft:time_since_death":524504,"minecraft:sprint_one_cm":891475,"minecraft:drop":38,"minecraft:talked_to_villager":3,"minecraft:play_time":641027,"minecraft:deaths":2,"minecraft:jump":4912,"minecraft:walk_on_water_one_cm":47331,"minecraft:interact_with_furnace":84,"minecraft:traded_with_villager":1,"minecraft:sleep_in_bed":15,"minecraft:waystone_activated":6,"minecraft:damage_dealt":17402,"minecraft:crouch_one_cm":133302,"minecraft:mob_kills":76,"minecraft:interact_with_campfire":10,"minecraft:damage_dealt_resisted":27,"minecraft:climb_one_cm":502,"minecraft:walk_one_cm":1495379,"minecraft:sneak_time":30253,"minecraft:walk_under_water_one_cm":52249,"minecraft:total_world_time":641027,"minecraft:pot_flower":1,"minecraft:interact_with_stonecutter":10,"minecraft:time_since_rest":51786,"minecraft:damage_taken":4053,"minecraft:swim_one_cm":185860,"minecraft:fly_one_cm":1372103,"minecraft:open_chest":176,"minecraft:fish_caught":24,"minecraft:fall_one_cm":98077},"minecraft:broken":{"mowziesmobs:umvuthana_mask_fear":1,"minecraft:iron_shovel":3,"minecraft:stone_axe":2,"minecraft:iron_hoe":1,"minecraft:stone_hoe":1,"minecraft:iron_axe":4,"minecraft:iron_pickaxe":2},"minecraft:crafted":{"minecraft:brick":0,"minecraft:black_dye":6,"minecraft:oak_planks":220,"simplyswords:iron_katana":1,"minecraft:birch_boat":1,"minecraft:stone":8,"cfm:stripped_oak_upgraded_fence":12,"cfm:stripped_oak_chair":4,"cfm:stripped_oak_bedside_cabinet":2,"aquaculture:fish_fillet_raw":17,"minecraft:glass":32,"aquaculture:gold_fishing_rod":1,"cfm:white_sofa":2,"cfm:oak_blinds":24,"minecraft:chest":5,"minecraft:copper_block":1,"minecraft:black_wool":25,"minecraft:stone_bricks":58,"minecraft:oak_fence":30,"farmersdelight:stove":2,"farmersdelight:tomato_seeds":1,"cfm:stripped_oak_mail_box":1,"minecraft:wooden_shovel":1,"sophisticatedbackpacks:backpack":1,"farmersdelight:iron_knife":1,"waterframes:big_tv":1,"minecraft:wooden_pickaxe":1,"minecraft:iron_helmet":1,"minecraft:spruce_door":3,"minecraft:copper_ingot":0,"minecraft:gold_block":1,"minecraft:birch_planks":4,"minecraft:campfire":2,"farmersdelight:skillet":1,"waterframes:remote":1,"cfm:black_sofa":12,"farmersdelight:cutting_board":4,"minecraft:stone_brick_stairs":9,"minecraft:iron_chestplate":1,"aquaculture:iron_hook":1,"minecraft:stick":8,"cfm:stripped_oak_table":8,"minecraft:iron_ingot":66,"minecraft:iron_pickaxe":3,"minecraft:iron_block":1,"minecraft:gold_ingot":40,"cfm:stripped_oak_kitchen_drawer":4,"minecraft:oak_door":3,"minecraft:iron_nugget":27,"minecraft:stone_button":3,"minecraft:furnace":1,"minecraft:glass_pane":32,"minecraft:lantern":2,"minecraft:spruce_stairs":4,"minecraft:iron_axe":4,"minecraft:stone_pickaxe":1,"sophisticatedbackpacks:iron_backpack":1,"minecraft:cooked_beef":4,"minecraft:bowl":4,"create:dough":1,"ironfurnaces:upgrade_iron":1,"farmersdelight:cooking_pot":1,"sophisticatedbackpacks:gold_backpack":1,"minecraft:bucket":12,"minecraft:stone_axe":1,"minecraft:air":0,"ironfurnaces:upgrade_gold":1,"minecraft:oak_fence_gate":2,"justhammers:iron_hammer":1,"minecraft:oak_stairs":228,"aquaculture:stone_fillet_knife":1,"minecraft:iron_shovel":3,"minecraft:stonecutter":1},"minecraft:used":{"minecraft:beetroot":2,"minecraft:iron_shovel":1349,"mowziesmobs:umvuthana_mask_fear":3,"minecraft:chest":5,"minecraft:decorated_pot":1,"farmersdelight:stove":4,"minecraft:iron_chestplate":1,"mowziesmobs:umvuthana_mask_bliss":1,"cfm:oak_blinds":24,"minecraft:carrot":120,"waterframes:remote":1,"minecraft:bricks":3,"minecraft:lantern":3,"minecraft:blue_orchid":1,"cfm:stripped_oak_kitchen_drawer":8,"waterframes:frame":7,"cfm:stripped_oak_chair":9,"farmersdelight:rotten_tomato":1,"minecraft:iron_helmet":1,"create:millstone":2,"minecraft:stone_brick_stairs":45,"minecraft:stone_bricks":45,"minecraft:item_frame":1,"ironfurnaces:iron_furnace":1,"mowziesmobs:umvuthana_mask_rage":1,"farmersdelight:cutting_board":11,"minecraft:furnace":2,"minecraft:cooked_cod":5,"aquaculture:fish_fillet_cooked":10,"immersive_aircraft:biplane":2,"minecraft:spruce_door":2,"minecraft:stone_pickaxe":45,"minecraft:oak_planks":1068,"minecraft:wooden_pickaxe":6,"minecraft:blue_bed":7,"minecraft:glow_berries":16,"farmersdelight:pasta_with_mutton_chop":1,"minecraft:shulker_spawn_egg":1,"waystones:waystone":4,"minecraft:bread":4,"minecraft:gravel":1,"waterframes:projector":4,"minecraft:oak_boat":1,"minecraft:bone_meal":19,"delightful:acorn":1,"minecraft:cobweb":15,"minecraft:oak_fence":31,"ironfurnaces:gold_furnace":1,"minecraft:spruce_planks":432,"minecraft:cooked_salmon":7,"minecraft:stone_hoe":22,"minecraft:oak_door":2,"minecraft:torch":97,"minecraft:dirt":597,"simplyswords:iron_katana":355,"minecraft:spruce_stairs":3,"minecraft:oak_wood":305,"aquaculture:gold_fishing_rod":33,"minecraft:oak_fence_gate":5,"farmersdelight:rope":1,"minecraft:iron_hoe":267,"cfm:black_sofa":13,"minecraft:iron_axe":505,"minecraft:oak_stairs":231,"waterframes:big_tv":7,"farmersdelight:cooking_pot":1,"farmersdelight:tomato_seeds":10,"minecraft:cooked_beef":4,"minecraft:cobbled_deepslate":26,"minecraft:acacia_planks":1,"minecraft:wheat_seeds":3,"minecraft:cooked_mutton":3,"minecraft:water_bucket":41,"mowziesmobs:umvuthana_spawn_egg":1,"farmersdelight:skillet":3,"minecraft:birch_boat":1,"minecraft:cauldron":1,"minecraft:stonecutter":3,"cfm:stripped_oak_mail_box":1,"minecraft:deepslate_bricks":114,"minecraft:crafting_table":8,"minecraft:spruce_log":76,"justhammers:iron_hammer":35,"corn_delight:corn_seeds":21,"minecraft:oak_log":150,"minecraft:flower_pot":1,"minecraft:apple":8,"cfm:white_sofa":4,"minecraft:iron_pickaxe":700,"minecraft:spruce_sapling":25,"simplyswords:iron_sai":145,"minecraft:stone_axe":132,"minecraft:chiseled_stone_bricks":50,"cfm:stripped_oak_table":33,"minecraft:cobblestone":190,"cfm:stripped_oak_bedside_cabinet":2,"minecraft:cooked_porkchop":4,"minecraft:bucket":60,"minecraft:glass_pane":24,"alexsmobs:animal_dictionary":1,"create:hand_crank":3}},"DataVersion":3465}